Rank,Title,Employees,CEO,CEO_Title,Sector,Industry,Years_on_Fortune_500_List,City,State,Latitude,Longitude,Revenues,Revenue_Change,Profits,Profit_Change,Assets,Mkt_Value,Symbol
1,Walmart,2300000,C. Douglas McMillon,"President, Chief Executive Officer &  Director",Retailing,General Merchandisers,24,Bentonville,AR,36.3728538,-94.2088172,500343,3,9862,27.7,204522,263563,WMT
2,Exxon Mobil,71200,Darren W. Woods,Chairman &  Chief Executive Officer,Energy,Petroleum Refining,24,Irving,TX,32.8140177,-96.9488945,244363,17.4,19710,151.4,348691,316157,XOM
3,Berkshire Hathaway,377000,Warren E. Buffett,"Chairman, President &  Chief Executive Officer",Financials,Insurance: Property and Casualty (Stock),24,Omaha,NE,41.2565369,-95.9345034,242137,8.3,44940,86.7,702095,492008,BRK.B
4,Apple,123000,Timothy D. Cook,Chairman &  Chief Executive Officer,Technology,"Computers, Office Equipment",24,Cupertino,CA,37.3229978,-122.0321823,229234,6.3,48351,5.8,375319,851318,AAPL
5,Unitedhealth Group,260000,David S. Wichmann,Chairman &  Chief Executive Officer,Health Care,Health Care: Insurance and Managed Care,24,Minnetonka,MN,44.9211836,-93.4687489,201159,8.8,10558,50.5,139058,207080,
6,Mckesson,64500,John H. Hammergren,"Chairman, President &  Chief Executive Officer",Wholesalers,Wholesalers: Health Care,24,SF,CA,37.7749295,-122.4194155,198533,3.1,5070,124.5,60969,29067,MCK
7,Cvs Health,203000,Larry J. Merlo,"President, Chief Executive Officer &  Director",Health Care,Health Care: Pharmacy and Other Services,24,Woonsocket,RI,42.0028761,-71.5147839,184765,4.1,6622,24.5,95131,63114,CVS
8,Amazon.Com,566000,Jeffrey P. Bezos,"Chairman, President &  Chief Executive Officer",Retailing,Internet Services and Retailing,17,Seattle,WA,47.6062095,-122.3320708,177866,30.8,3033,27.9,131310,700668,AMZN
9,At&T,254000,Randall L. Stephenson,"Chairman, President &  Chief Executive Officer",Telecommunications,Telecommunications,24,Dallas,TX,32.7766642,-96.7969879,160546,2,29450,127,444097,218946,T
10,General Motors,180000,Mary T. Barra,Chairman &  Chief Executive Officer,Motor Vehicles &  Parts,Motor Vehicles and Parts,24,Detroit,MI,42.331427,-83.0457538,157311,5.5,3864,141,212482,50972,GM
11,Ford Motor,202000,James P. Hackett,"President, Chief Executive Officer &  Director",Motor Vehicles &  Parts,Motor Vehicles and Parts,24,Dearborn,MI,42.3222599,-83.1763145,156776,3.3,7602,65.4,257808,44244,F
12,Amerisourcebergen,19500,Steven H. Collis,"Chairman, President &  Chief Executive Officer",Wholesalers,Wholesalers: Health Care,24,Chesterbrook,PA,40.0756627,-75.4590816,153144,4.3,364.5,74.5,35317,18938,ABC
13,Chevron,51900,Michael K. Wirth,Chairman &  Chief Executive Officer,Energy,Petroleum Refining,24,San Ramon,CA,37.7799273,-121.9780153,134533,25.1,9195,0,253806,217845,CVX
14,Cardinal Health,40400,Michael C. Kaufmann,Chairman &  Chief Executive Officer,Wholesalers,Wholesalers: Health Care,24,Dublin,OH,40.0992294,-83.1140771,129976,6.9,1288,9.7,40112,19726,CAH
15,Costco,182000,W. Craig Jelinek,"President, Chief Executive Officer &  Director",Retailing,General Merchandisers,24,Issaquah,WA,47.5301011,-122.0326191,129025,8.7,2679,14,36347,82687,COST
16,Verizon,155400,Lowell C. McAdam,Chairman &  Chief Executive Officer,Telecommunications,Telecommunications,24,New York,NY,40.7127753,-74.0059728,126034,0,30101,129.3,257143,197497,VZ
17,Kroger,449000,W. Rodney McMullen,Chairman &  Chief Executive Officer,Food &  Drug Stores,Food and Drug Stores,24,Cincinnati,OH,39.1031182,-84.5120196,122662,6.4,1907,3.4,37197,20828,KR
18,General Electric,313000,John L. Flannery Jr.,Chairman &  Chief Executive Officer,Industrials,Industrial Machinery,24,Boston,MA,42.3600825,-71.0588801,122274,3.5,5786,165.5,377945,117054,GE
19,Walgreens Boots Alliance,290000,Stefano Pessina,Vice Chairman &  Chief Executive Officer,Food &  Drug Stores,Food and Drug Stores,24,Deerfield,IL,42.1711365,-87.8445119,118214,0.7,4078,2.3,66009,64924,WBA
20,Jpmorgan Chase,252539,James Dimon,Chairman &  Chief Executive Officer,Financials,Commercial Banks,24,New York,NY,40.7127753,-74.0059728,113899,8,24441,1.2,2533600,375043,JPM
21,Fannie Mae,7200,Timothy J. Mayopoulos,"President, Chief Executive Officer &  Director",Financials,Diversified Financials,21,Leavenworth,WA,47.7510741,-120.7401385,112394,4.9,2463,80,3345529,1633,
22,Alphabet,80110,Larry Page,Chief Executive Officer &  Director,Technology,Internet Services and Retailing,13,Mountain View,CA,37.3860517,-122.0838511,110855,22.8,12662,35,197295,719124,GOOG
23,Home Depot,413000,Craig A. Menear,"Chairman, President &  Chief Executive Officer",Retailing,Specialty Retailers: Other,24,Atlanta,GA,33.7489954,-84.3879824,100904,6.7,8630,8.5,44529,206272,HD
24,Bank Of America Corp.,209376,Brian T. Moynihan,"Chairman, President &  Chief Executive Officer",Financials,Commercial Banks,24,Charlotte,NC,35.2270869,-80.8431267,100264,7,18232,1.8,2281234,306618,
25,Express Scripts Holding,26600,Timothy C. Wentworth,"President, Chief Executive Officer &  Director",Health Care,Health Care: Pharmacy and Other Services,19,St. Louis,MO,38.6270025,-90.1994042,100065,0.2,4517.4,32.7,54256,38791,
26,Wells Fargo,262700,Timothy J. Sloan,"President, Chief Executive Officer &  Director",Financials,Commercial Banks,24,SF,CA,37.7749295,-122.4194155,97741,3.8,22183,1.1,1951757,255556,WFC
27,Boeing,140800,Dennis A. Muilenburg,"Chairman, President &  Chief Executive Officer",Aerospace &  Defense,Aerospace and Defense,24,Chicago,IL,41.8781136,-87.6297982,93392,1.2,8197,67.5,92333,192539,BA
28,Phillips 66,14600,Greg C. Garland,Chairman &  Chief Executive Officer,Energy,Petroleum Refining,6,Houston,TX,29.7604267,-95.3698028,91568,26.5,5106,228.4,54371,44730,PSX
29,Anthem,56000,Gail K. Boudreaux,"President, Chief Executive Officer &  Director",Health Care,Health Care: Insurance and Managed Care,24,Indianapolis,IN,39.768403,-86.158068,90040,6.1,3842.8,55.6,70540,56182,ANTM
30,Microsoft,124000,Satya Nadella,Chief Executive Officer &  Director,Technology,Computer Software,24,Redmond,WA,47.6739881,-122.121512,89950,5.4,21204,26.2,241086,702760,MSFT
31,Valero Energy,10015,Joseph W. Gorder,"Chairman, President &  Chief Executive Officer",Energy,Petroleum Refining,20,San Antonio,TX,29.4241219,-98.4936282,88407,26,4065,77.6,50158,39977,VLO
32,Citigroup,209000,Michael L. Corbat,Chairman &  Chief Executive Officer,Financials,Commercial Banks,24,New York,NY,40.7127753,-74.0059728,87966,6.8,6798,145.6,1842465,172822,C
33,Comcast,164000,Brian L. Roberts,"Chairman, President &  Chief Executive Officer",Telecommunications,Telecommunications,23,Philadelphia,PA,39.9525839,-75.1652215,84526,5.1,22714,161.2,186949,158703,CMCSA
34,Ibm,397800,Virginia M. Rometty,"Chairman, President &  Chief Executive Officer",Technology,Information Technology Services,24,Armonk,NY,41.1264849,-73.7140195,79139,1,5753,51.5,125356,141335,
35,Dell Technologies,145000,Michael S. Dell,Chairman &  Chief Executive Officer,Technology,"Computers, Office Equipment",21,Round Rock,TX,30.5082551,-97.678896,78660,21.4,3728,0,122281,0,
36,State Farm Insurance Cos.,65664,Michael L. Tipsord,"Chairman, President &  Chief Executive Officer",Financials,Insurance: Property and Casualty (Mutual),24,Bloomington,IL,40.4842027,-88.9936873,78331,2.9,2206.5,529.9,272345,0,
37,Johnson & Johnson,134000,Alex Gorsky,Chairman &  Chief Executive Officer,Health Care,Pharmaceuticals,24,New Brunswick,NJ,40.4862157,-74.4518188,76450,6.3,1300,92.1,157303,343780,JNJ
38,Freddie Mac,6165,Donald H. Layton,Chairman &  Chief Executive Officer,Financials,Diversified Financials,21,McLean,VA,38.9338676,-77.1772604,74676,13.7,5625,28,2049776,878,
39,Target,345000,Brian C. Cornell,Chairman &  Chief Executive Officer,Retailing,General Merchandisers,24,Minneapolis,MN,44.977753,-93.2650108,71879,3.4,2934,7.2,38999,37409,TGT
40,Lowes,255000,Robert A. Niblock,"Chairman, President &  Chief Executive Officer",Retailing,Specialty Retailers: Other,24,Mooresville,NC,35.5848596,-80.8100724,68619,5.5,3447,11.4,35291,72812,
41,Marathon Petroleum,43800,Gary R. Heminger,Chairman &  Chief Executive Officer,Energy,Petroleum Refining,7,Findlay,OH,41.04422,-83.6499321,67610,21,3432,192.3,49047,34683,MPC
42,Procter & Gamble,95000,David S. Taylor,"Chairman, President &  Chief Executive Officer",Household Products,Household and Personal Products,24,Cincinnati,OH,39.1031182,-84.5120196,66217,7.7,15326,45.9,120406,199865,PG
43,Metlife,49000,Steven A. Kandarian,"Chairman, President &  Chief Executive Officer",Financials,"Insurance: Life, Health (stock)",24,New York,NY,40.7127753,-74.0059728,66153,4.2,4010,401.3,719892,47572,MET
44,Ups,346415,David P. Abney,Chairman &  Chief Executive Officer,Transportation,"Mail, Package, and Freight Delivery",24,Atlanta,GA,33.7489954,-84.3879824,65872,8.2,4910,43.1,45403,90156,
45,Pepsico,263000,Indra K. Nooyi,Chairman &  Chief Executive Officer,"Food, Beverages &  Tobacco",Food Consumer Products,24,Harrison,NY,41.0400135,-73.7144477,63525,1.2,4857,23.3,79804,154933,PEP
46,Intel,102700,Robert H. Swan,Chairman &  Chief Executive Officer,Technology,Semiconductors and Other Electronic Components,24,Santa Clara,CA,37.3541079,-121.9552356,62761,5.7,9601,6.9,123249,243109,INTC
47,Dowdupont,98000,Edward D. Breen,Chief Executive Officer,Chemicals,Chemicals,24,Midland,Michigan,43.623574,-84.232105,62683,30.2,1460,66.2,192164,148186,DWDP
48,Archer Daniels Midland,31300,Juan R. Luciano,"Chairman, President &  Chief Executive Officer","Food, Beverages &  Tobacco",Food Production,24,Chicago,IL,41.8781136,-87.6297982,60828,2.4,1595,24.7,39963,24238,
49,Aetna,47950,Mark T. Bertolini,Chairman &  Chief Executive Officer,Health Care,Health Care: Insurance and Managed Care,18,Hartford,CT,41.7658043,-72.6733723,60535,4.1,1904,16.2,55151,55229,AET
50,Fedex,357000,Frederick W. Smith,Chairman &  Chief Executive Officer,Transportation,"Mail, Package, and Freight Delivery",24,Memphis,TN,35.1495343,-90.0489801,60319,19.8,2997,64.7,48552,64161,FDX
51,United Technologies,204700,Gregory J. Hayes,"Chairman, President &  Chief Executive Officer",Aerospace &  Defense,Aerospace and Defense,24,Farmington,CT,41.7360305,-72.795027,59837,4.5,4552,10,96920,100667,UTX
52,Prudential Financial,49705,John R. Strangfeld,"Chairman, President &  Chief Executive Officer",Financials,"Insurance: Life, Health (stock)",24,Newark,NJ,40.735657,-74.1723667,59689,1.5,7863,80,831921,43686,PRU
53,Albertsons Cos.,273000,Robert G. Miller,Chairman &  Chief Executive Officer,Food &  Drug Stores,Food and Drug Stores,14,Boise,ID,43.6150186,-116.2023137,59678,1.6,373.3,0,23755,0,
54,Sysco,66500,Thomas L. Benï¿½,"President, Chief Executive Officer &  Director",Wholesalers,Wholesalers: Food and Grocery,24,Houston,TX,29.7604267,-95.3698028,55371,9.9,1142.5,20.3,17757,31294,SYY
55,Disney,199000,Robert A. Iger,Chairman &  Chief Executive Officer,Media,Entertainment,24,Burbank,CA,34.1808392,-118.3089661,55137,0.9,8980,4.4,95789,151029,
56,Humana,45900,Bruce D. Broussard,"President, Chief Executive Officer &  Director",Health Care,Health Care: Insurance and Managed Care,24,Louisville,KY,38.2526647,-85.7584557,53767,1.1,2448,298.7,27178,37122,HUM
57,Pfizer,90200,Ian C. Read,Chairman &  Chief Executive Officer,Health Care,Pharmaceuticals,24,New York,NY,40.7127753,-74.0059728,52546,0.5,21308,195.3,171797,211115,PFE
58,Hp,49000,Dion J. Weisler,"President, Chief Executive Officer &  Director",Technology,"Computers, Office Equipment",24,Palo Alto,CA,37.4418834,-122.1430195,52056,7.9,2526,1.2,32913,35893,HPQ
59,Lockheed Martin,100000,Marillyn A. Hewson,"Chairman, President &  Chief Executive Officer",Aerospace &  Defense,Aerospace and Defense,24,Bethesda,MD,38.984652,-77.0947092,51048,0.8,2002,62.2,46521,96589,LMT
60,Aig,49800,Brian Duperreault,"President, Chief Executive Officer &  Director",Financials,Insurance: Property and Casualty (Stock),24,New York,NY,40.7127753,-74.0059728,49520,5.4,6084,0,498301,49145,
61,Centene,33700,Michael F. Neidorff,Chairman &  Chief Executive Officer,Health Care,Health Care: Insurance and Managed Care,9,St. Louis,MO,38.6270025,-90.1994042,48572,19.3,828,47.3,21855,18704,CNC
62,Cisco Systems,72900,Charles H. Robbins,Chairman &  Chief Executive Officer,Technology,Network and Other Communications Equipment,22,San Jose,CA,37.3382082,-121.8863286,48005,2.5,9609,10.5,129818,206623,CSCO
63,Hca Healthcare,221491,R. Milton Johnson,Chairman &  Chief Executive Officer,Health Care,Health Care: Medical Facilities,24,Nashville,TN,36.1626638,-86.7816016,47653,6.5,2216,23.3,36593,34165,
64,Energy Transfer Equity,29486,John W. McReynolds,President &  Director,Energy,Pipelines,12,Dallas,TX,32.7766642,-96.7969879,47487,26.6,954,4.1,86246,15335,
65,Caterpillar,98400,D. James Umpleby III,Chairman &  Chief Executive Officer,Industrials,Construction and Farm Machinery,24,Deerfield,IL,42.1711365,-87.8445119,45462,18,754,0,76962,88078,CAT
66,Nationwide,33135,Stephen S. Rasmussen,Chief Executive Officer,Financials,Insurance: Property and Casualty (Mutual),24,Columbus,OH,39.9611755,-82.9987942,43940,9.6,246.5,26.2,221257,0,
67,Morgan Stanley,57633,James P. Gorman,Chairman &  Chief Executive Officer,Financials,Commercial Banks,24,New York,NY,40.7127753,-74.0059728,43642,15,6111,2.2,851733,96688,MS
68,Liberty Mutual Insurance Group,50000,David H. Long,"Chairman, President &  Chief Executive Officer",Financials,Insurance: Property and Casualty (Stock),24,Boston,MA,42.3600825,-71.0588801,42687,11.4,17,98.3,142502,0,
69,New York Life Insurance,11114,Theodore A. Mathas,Chairman &  Chief Executive Officer,Financials,"Insurance: Life, Health (Mutual)",24,New York,NY,40.7127753,-74.0059728,42296,3.7,1866.9,71.6,303183,0,
70,Goldman Sachs Group,36600,Lloyd C. Blankfein,Chairman &  Chief Executive Officer,Financials,Commercial Banks,19,New York,NY,40.7127753,-74.0059728,42254,12,4286,42.1,916776,95463,GS
71,American Airlines Group,126600,W. Douglas Parker,Chairman &  Chief Executive Officer,Transportation,Airlines,24,Fort Worth,TX,32.7554883,-97.3307658,42207,5,1919,28.3,51396,24584,AAL
72,Best Buy,125000,Hubert B. Joly,Chairman &  Chief Executive Officer,Retailing,Specialty Retailers: Other,24,Richfield,MN,44.8832982,-93.2830021,42151,7,1000,18.6,13049,20460,BBY
73,Cigna,46000,David M. Cordani,"President, Chief Executive Officer &  Director",Health Care,Health Care: Insurance and Managed Care,24,Bloomfield,CT,41.826488,-72.7300945,41616,4.9,2237,19.8,61753,40735,CI
74,Charter Communications,94800,Thomas M. Rutledge,Chairman &  Chief Executive Officer,Telecommunications,Telecommunications,18,Stamford,CT,41.0534302,-73.5387341,41581,43.4,9895,180.9,146623,80954,CHTR
75,Delta Air Lines,86564,Edward H. Bastian,Chairman &  Chief Executive Officer,Transportation,Airlines,24,Atlanta,GA,33.7489954,-84.3879824,41244,4,3577,18.2,53292,38746,DAL
76,Facebook,25105,Mark Zuckerberg,Chairman &  Chief Executive Officer,Technology,Internet Services and Retailing,6,Menlo Park,CA,37.4529598,-122.1817252,40653,47.1,15934,56,84524,464190,FB
77,Honeywell International,131000,Darius Adamczyk,"President, Chief Executive Officer &  Director",Industrials,"Electronics, Electrical Equip.",24,Morris Plains,NJ,40.8395922,-74.4818698,40534,3.1,1655,65.6,59387,108149,
78,Merck,69000,Kenneth C. Frazier,"Chairman, President &  Chief Executive Officer",Health Care,Pharmaceuticals,24,Kenilworth,NJ,40.6764911,-74.2907032,40122,0.8,2394,38.9,87872,146862,MRK
79,Allstate,42680,Thomas J. Wilson,"Chairman, President &  Chief Executive Officer",Financials,Insurance: Property and Casualty (Stock),23,Northbrook,IL,42.1275267,-87.8289548,38524,5.4,3189,69.9,112422,33478,ALL
80,Tyson Foods,122000,Thomas P. Hayes,"President, Chief Executive Officer &  Director","Food, Beverages &  Tobacco",Food Production,24,Springdale,AR,36.1867442,-94.1288141,38260,3.7,1774,0.3,28066,29233,TSN
81,United Continental Holdings,89800,Oscar Munoz,Chairman &  Chief Executive Officer,Transportation,Airlines,24,Chicago,IL,41.8781136,-87.6297982,37736,3.2,2131,5.8,42326,19778,UAL
82,Oracle,138000,Safra A. Catz/Mark V. Hurd,Co-Chief Executive Officer &  Director,Technology,Computer Software,23,Redwood City,CA,37.4852152,-122.2363548,37728,1.8,9335,4.9,134991,186766,ORCL
83,Tech Data,14000,Richard T. Hume,Chairman &  Chief Executive Officer,Wholesalers,Wholesalers: Electronics and Office Equipment,24,Clearwater,FL,27.9658533,-82.8001026,36775,40.2,116.6,40.2,12653,3249,
84,Tiaa,16829,Roger W. Ferguson Jr.,"President, Chief Executive Officer &  Director",Financials,"Insurance: Life, Health (Mutual)",21,New York,NY,40.7127753,-74.0059728,36025,2.9,1049.7,29.7,583632,0,
85,Tjx,249000,Ernie L. Herrman,"President, Chief Executive Officer &  Director",Retailing,Specialty Retailers: Apparel,24,Framingham,MA,42.279286,-71.4161565,35865,8.1,2607.9,13.5,14058,51571,TJX
86,American Express,55000,Stephen J. Squeri,Chairman &  Chief Executive Officer,Financials,Diversified Financials,24,New York,NY,40.7127753,-74.0059728,35583,5.2,2736,49.4,181159,80234,AXP
87,Cocacola,61800,James R. Quincey,"President, Chief Executive Officer &  Director","Food, Beverages &  Tobacco",Beverages,24,Atlanta,GA,33.7489954,-84.3879824,35410,15.4,1248,80.9,87896,185207,KO
88,Publix Super Markets,193000,Randall T. Jones Sr.,"President, Chief Executive Officer &  Director",Food &  Drug Stores,Food and Drug Stores,24,Lakeland,FL,28.0394654,-81.9498042,34837,1.6,2291.9,13.1,18184,0,
89,Nike,74400,Mark G. Parker,"Chairman, President &  Chief Executive Officer",Apparel,Apparel,24,Beaverton,OR,45.4887993,-122.8013332,34350,6.1,4240,12.8,23259,108094,NKE
90,Andeavor,14300,Gregory J. Goff,"Chairman, President &  Chief Executive Officer",Energy,Petroleum Refining,19,San Antonio,TX,29.4241219,-98.4936282,34204,42.5,1528,108.2,28573,15386,ANDV
91,World Fuel Services,5000,Michael J. Kasbar,Chairman &  Chief Executive Officer,Energy,Energy,14,Miami,FL,25.7616798,-80.1917902,33696,24.7,170.2,234.5,5588,1661,
92,Exelon,34621,Christopher M. Crane,"President, Chief Executive Officer &  Director",Energy,Utilities: Gas and Electric,24,Chicago,IL,41.8781136,-87.6297982,33531,6.9,3770,232.5,116700,37644,EXC
93,Massachusetts Mutual Life Insurance,11811,Roger W. Crandall,"Chairman, President &  Chief Executive Officer",Financials,"Insurance: Life, Health (Mutual)",24,Springfield,MA,42.1014831,-72.589811,33495,11.4,513,59.7,288855,0,
94,Rite Aid,70430,John T. Standley,Chairman &  Chief Executive Officer,Food &  Drug Stores,Food and Drug Stores,24,Camp Hill,PA,40.2398118,-76.9199742,32845,6.9,4.1,97.6,11594,1793,
95,Conocophillips,11400,Ryan M. Lance,Chairman &  Chief Executive Officer,Energy,"Mining, Crude-Oil Production",24,Houston,TX,29.7604267,-95.3698028,32584,33.8,855,0,73362,69641,COP
96,Chs,11626,Jay D. Debertin,"President, Chief Executive Officer &  Director","Food, Beverages &  Tobacco",Food Production,19,Inver Grove Heights,MN,44.8480218,-93.0427153,31935,5.2,127.9,69.9,15974,0,
97,3M,91536,Inge G. Thulin,"Chairman, President &  Chief Executive Officer",Industrials,Miscellaneous,24,St Paul,MN,44.9537029,-93.0899578,31657,5.1,4858,3.8,37987,130550,MMM
98,Time Warner,26000,John Stankey,Chairman &  Chief Executive Officer,Media,Entertainment,19,New York,NY,40.7127753,-74.0059728,31271,6.7,5247,33.6,69209,73758,TWX
99,General Dynamics,98600,Phebe N. Novakovic,Chairman &  Chief Executive Officer,Aerospace &  Defense,Aerospace and Defense,24,Falls Church,VA,38.882334,-77.1710914,30973,1.2,2912,1.5,35046,65845,GD
100,Usaa,32705,Stuart Parker,Chief Executive Officer,Financials,Insurance: Property and Casualty (Stock),24,San Antonio,TX,29.4241219,-98.4936282,30016,10.6,2421.9,36.1,155391,0,
101,Capital One Financial,49300,Richard D. Fairbank,"Chairman, President &  Chief Executive Officer",Financials,Commercial Banks,19,McLean,VA,38.9338676,-77.1772604,29999,9,1982,47.2,365693,46584,COF
102,Deere,60476,Samuel R. Allen,"Chairman, President &  Chief Executive Officer",Industrials,Construction and Farm Machinery,24,Moline,IL,41.5067003,-90.5151342,29738,11.6,2159.1,41.7,65786,50291,DE
103,Intl Fcstone,1607,Sean M. O'Connor,"President, Chief Executive Officer &  Director",Financials,Diversified Financials,10,New York,NY,40.7127753,-74.0059728,29424,99.4,6.4,88.3,6243,804,
104,Northwestern Mutual,5437,John E. Schlifske,Chairman &  Chief Executive Officer,Financials,"Insurance: Life, Health (Mutual)",24,Milwaukee,WI,43.0389025,-87.9064736,29331,1.8,1017,24.3,265049,0,
105,Enterprise Products Partners,7000,A. James Teague,Chairman &  Chief Executive Officer,Energy,Pipelines,13,Houston,TX,29.7604267,-95.3698028,29242,27,2799.3,11.4,54418,52904,
106,Travelers Cos.,30800,Alan D. Schnitzer,Chairman &  Chief Executive Officer,Financials,Insurance: Property and Casualty (Stock),24,New York,NY,40.7127753,-74.0059728,28902,4.6,2056,31.8,103483,37691,
107,Hewlett Packard Enterprise,66000,Antonio Neri,"President, Chief Executive Officer &  Director",Technology,"Computers, Office Equipment",2,Palo Alto,CA,37.4418834,-122.1430195,28871,42.4,344,89.1,61406,27243,HPE
108,Philip Morris International,80600,Andrï¿½ Calantzopoulos,Chairman &  Chief Executive Officer,"Food, Beverages &  Tobacco",Tobacco,10,New York,NY,40.7127753,-74.0059728,28748,7.7,6035,13.4,42968,154514,PM
109,Twentyfirst Century Fox,21700,James R. Murdoch,Chief Executive Officer &  Director,Media,Entertainment,14,New York,NY,40.7127753,-74.0059728,28500,4.3,2952,7.2,50724,67969,FOX
110,Abbvie,29000,Richard A. Gonzalez,Chairman &  Chief Executive Officer,Health Care,Pharmaceuticals,5,North Chicago,IL,42.325578,-87.8411818,28216,10.1,5309,10.8,70786,150180,ABBV
111,Abbott Laboratories,99000,Miles D. White,Chairman &  Chief Executive Officer,Health Care,Medical Products and Equipment,24,Lake Bluff,IL,42.304505,-87.8960712,27390,31.3,477,65.9,76250,104640,ABT
112,Progressive,33656,Susan Patricia Griffith,"President, Chief Executive Officer &  Director",Financials,Insurance: Property and Casualty (Stock),24,Mayfield,OH,41.5519952,-81.4392828,26839,14.5,1592.2,54.4,38701,35478,PGR
113,Arrow Electronics,18800,Michael J. Long,"Chairman, President &  Chief Executive Officer",Wholesalers,Wholesalers: Electronics and Office Equipment,24,Centennial,CO,39.5807452,-104.8771726,26813,12.5,402,23.1,16463,6750,
114,Kraft Heinz,39000,Bernardo Hees,Chief Executive Officer,"Food, Beverages &  Tobacco",Food Consumer Products,24,Pittsburgh,PA,40.4406248,-79.9958864,26232,1,10999,202.8,120232,75920,KHC
115,Plains Gp Holdings,4850,Greg L. Armstrong,Chairman &  Chief Executive Officer,Energy,Pipelines,5,Houston,TX,29.7604267,-95.3698028,26223,29.9,731,877.7,26753,6328,
116,Gilead Sciences,10000,John F. Milligan IV,"President, Chief Executive Officer &  Director",Health Care,Pharmaceuticals,10,San Mateo,CA,37.5585465,-122.2710788,26107,14.1,4628,65.7,70283,98298,GILD
117,Mondelez International,83000,Dirk Van de Put,Chairman &  Chief Executive Officer,"Food, Beverages &  Tobacco",Food Consumer Products,11,Deerfield,IL,42.1711365,-87.8445119,25896,0.1,2922,76.1,63109,62066,MDLZ
118,Northrop Grumman,70000,Wesley G. Bush,Chairman &  Chief Executive Officer,Aerospace &  Defense,Aerospace and Defense,24,Falls Church,VA,38.882334,-77.1710914,25803,5.3,2015,8.4,34917,60778,NOC
119,Raytheon,64000,Thomas A. Kennedy,Chairman &  Chief Executive Officer,Aerospace &  Defense,Aerospace and Defense,24,Waltham,MA,42.3764852,-71.2356113,25348,5.3,2024,8.5,30860,62265,RTN
120,Macys,130000,Jeffrey Gennette,Chairman &  Chief Executive Officer,Retailing,General Merchandisers,24,Cincinnati,OH,39.1031182,-84.5120196,24837,3.7,1547,149.9,19381,9065,
121,Us Foods Holding,25204,Pietro Satriano,"Chairman, President &  Chief Executive Officer",Wholesalers,Wholesalers: Food and Grocery,7,Rosemont,IL,41.9867507,-87.8721602,24147,5.4,444.3,111.8,9037,7065,
122,U.S. Bancorp,72402,Andrew J. Cecere,"President, Chief Executive Officer &  Director",Financials,Commercial Banks,20,Minneapolis,MN,44.977753,-93.2650108,23996,5.5,6218,5.6,462040,83367,USB
123,Dollar General,129000,Todd J. Vasos,Chairman &  Chief Executive Officer,Retailing,Specialty Retailers: Other,20,Goodlettsville,TN,36.3231066,-86.7133302,23471,6.8,1539,23,12517,25141,DG
124,International Paper,56000,Mark S. Sutton,Chairman &  Chief Executive Officer,Materials,"Packaging, Containers",24,Memphis,TN,35.1495343,-90.0489801,23302,10.5,2144,137.2,33903,22063,IP
125,Duke Energy,29060,Lynn J. Good,"Chairman, President &  Chief Executive Officer",Energy,Utilities: Gas and Electric,24,Charlotte,NC,35.2270869,-80.8431267,23189,0.8,3059,42.1,137914,54276,DUK
126,Southern,31344,Thomas A. Fanning,"Chairman, President &  Chief Executive Officer",Energy,Utilities: Gas and Electric,24,Atlanta,GA,33.7489954,-84.3879824,23031,15.8,842,65.6,111005,45024,SO
127,Marriott International,177000,Arne M. Sorenson,"President, Chief Executive Officer &  Director","Hotels, Restaurants &  Leisure","Hotels, Casinos, Resorts",20,Bethesda,MD,38.984652,-77.0947092,22894,34.1,1372,75.9,23948,48531,
128,Avnet,15700,William J. Amelio,Chief Executive Officer &  Director,Wholesalers,Wholesalers: Electronics and Office Equipment,24,Phoenix,AZ,33.4483771,-112.0740373,22872,12.8,525.3,3.7,9700,5009,
129,Eli Lilly,40655,David A. Ricks,"Chairman, President &  Chief Executive Officer",Health Care,Pharmaceuticals,24,Indianapolis,IN,39.768403,-86.158068,22871,7.8,204.1,107.5,44981,84542,
130,Amgen,20800,Robert A. Bradway,"Chairman, President &  Chief Executive Officer",Health Care,Pharmaceuticals,19,Thousand Oaks,CA,34.1705609,-118.8375937,22849,0.6,1979,74.4,79954,122842,AMGN
131,Mcdonalds,235000,Stephen J. Easterbrook,"President, Chief Executive Officer &  Director","Hotels, Restaurants &  Leisure",Food Services,24,Oak Brook,IL,41.8397865,-87.9535534,22820,7.3,5192.3,10.8,33804,124244,
132,Starbucks,277000,Keven R. Johnson,"President, Chief Executive Officer &  Director","Hotels, Restaurants &  Leisure",Food Services,16,Seattle,WA,47.6062095,-122.3320708,22387,5,2884.7,2.4,14366,81370,SBUX
133,Qualcomm,33800,Steven M. Mollenkopf,Chairman &  Chief Executive Officer,Technology,Semiconductors and Other Electronic Components,19,San Diego,CA,32.715738,-117.1610838,22291,5.4,2466,56.8,65486,82027,QCOM
134,Dollar Tree,116200,Gary M. Philbin,"President, Chief Executive Officer &  Director",Retailing,Specialty Retailers: Other,10,Chesapeake,VA,36.7682088,-76.2874927,22246,7.4,1714.3,91.3,16333,22523,DLTR
135,Pbf Energy,3165,Thomas J. Nimbley,Chairman &  Chief Executive Officer,Energy,Petroleum Refining,6,Parsippany-Troy Hills,NJ,40.8652865,-74.4173877,21787,36.8,415.5,143.3,8118,3752,
136,Icahn Enterprises,89034,Keith Cozza,"President, Chief Executive Officer &  Director",Financials,Diversified Financials,10,New York,NY,40.7127753,-74.0059728,21744,33,2430,0,31801,9901,
137,Aflac,11318,Daniel P. Amos,"Chairman, President &  Chief Executive Officer",Financials,"Insurance: Life, Health (stock)",24,Columbus,GA,32.4609764,-84.9877094,21667,4,4604,73.1,137217,34038,AFL
138,Autonation,26000,Michael J. Jackson,"Chairman, President &  Chief Executive Officer",Retailing,"Automotive Retailing, Services",21,Fort Lauderdale,FL,26.1224386,-80.1373174,21535,0.3,434.6,1,10272,4296,
139,Penske Automotive Group,26000,Roger S. Penske,Chairman &  Chief Executive Officer,Retailing,"Automotive Retailing, Services",20,Bloomfield Hills,MI,42.583645,-83.2454883,21389,6.2,613.3,78.9,10541,3817,
140,Whirlpool,92000,Marc R. Bitzer,"President, Chief Executive Officer &  Director",Industrials,"Electronics, Electrical Equip.",24,Benton Harbor,MI,42.1167065,-86.4541894,21253,2.6,350,60.6,20038,10824,WHR
141,Union Pacific,41992,Lance M. Fritz,"Chairman, President &  Chief Executive Officer",Transportation,Railroads,24,Omaha,NE,41.2565369,-95.9345034,21240,6.5,10712,153.1,57806,104261,UNP
142,Southwest Airlines,56110,Gary C. Kelly,Chairman &  Chief Executive Officer,Transportation,Airlines,24,Dallas,TX,32.7766642,-96.7969879,21171,3.7,3488,55.4,25110,33678,LUV
143,Manpowergroup,29000,Jonas Prising,Chairman &  Chief Executive Officer,Business Services,Temporary Help,24,Milwaukee,WI,43.0389025,-87.9064736,21034,7,545.4,22.9,8884,7614,
144,Thermo Fisher Scientific,66100,Marc N. Casper,"President, Chief Executive Officer &  Director",Technology,"Scientific,Photographic and  Control Equipment",16,Waltham,MA,42.3764852,-71.2356113,20918,14.5,2225,10.1,56669,82952,TMO
145,Bristolmyers Squibb,23700,Giovanni Caforio,Chairman &  Chief Executive Officer,Health Care,Pharmaceuticals,24,New York,NY,40.7127753,-74.0059728,20776,6.9,1007,77.4,33551,103415,BMY
146,Halliburton,55000,Jeffrey A. Miller,"President, Chief Executive Officer &  Director",Energy,"Oil and Gas Equipment, Services",24,Houston,TX,29.7604267,-95.3698028,20620,29.8,463,0,25085,41068,HAL
147,Tenet Healthcare,111980,Ronald A. Rittenmeyer,Chairman &  Chief Executive Officer,Health Care,Health Care: Medical Facilities,24,Dallas,TX,32.7766642,-96.7969879,20613,2.2,704,0,23385,2452,
148,Lear,165000,Raymond E. Scott,"President, Chief Executive Officer &  Director",Motor Vehicles &  Parts,Motor Vehicles and Parts,24,Southfield,MI,42.4733688,-83.2218731,20467,10.3,1313.4,34.7,11946,12453,
149,Cummins,58600,N. Thomas Linebarger,Chairman &  Chief Executive Officer,Industrials,Industrial Machinery,24,Columbus,IN,39.2014404,-85.9213796,20428,16.7,999,28.3,18075,26757,CMI
150,Micron Technology,34100,Sanjay Mehrotra,"President, Chief Executive Officer &  Director",Technology,Semiconductors and Other Electronic Components,21,Boise,ID,43.6150186,-116.2023137,20322,63.9,5089,0,35336,60470,MU
151,Nucor,25100,John J. Ferriola,"Chairman, President &  Chief Executive Officer",Materials,Metals,24,Charlotte,NC,35.2270869,-80.8431267,20252,25,1318.7,65.6,15841,19432,NUE
152,Molina Healthcare,20000,Joseph M. Zubretsky,"President, Chief Executive Officer &  Director",Health Care,Health Care: Insurance and Managed Care,7,Long Beach,CA,33.7700504,-118.1937395,19883,11.8,512,1084.6,8471,4867,
153,Fluor,56706,David T. Seaton,Chairman &  Chief Executive Officer,Engineering &  Construction,"Engineering, Construction",17,Irving,TX,32.8140177,-96.9488945,19521,2.5,191.4,32,9328,8006,FLR
154,Altria Group,8300,Howard A. Willard III,Chairman &  Chief Executive Officer,"Food, Beverages &  Tobacco",Tobacco,24,Richmond,VA,37.5407246,-77.4360481,19494,0.8,10222,28.2,43202,118436,MO
155,Paccar,25000,Ronald E. Armstrong,Chairman &  Chief Executive Officer,Industrials,Construction and Farm Machinery,24,Bellevue,WA,47.6101497,-122.2015159,19456,14.2,1675.2,221.1,23440,23298,PCAR
156,Hartford Financial Services,16400,Christopher J. Swift,Chairman &  Chief Executive Officer,Financials,Insurance: Property and Casualty (Stock),23,Hartford,CT,41.7658043,-72.6733723,19228,5.1,3131,449.4,225260,18392,
157,Kohls,85000,Michelle D. Gass,Chairman &  Chief Executive Officer,Retailing,General Merchandisers,21,Menomonee Falls,WI,43.1788967,-88.1173132,19095,2.2,859,54.5,13340,11021,
158,Western Digital,67629,Stephen D. Milligan,Chairman &  Chief Executive Officer,Technology,"Computers, Office Equipment",15,San Jose,CA,37.3382082,-121.8863286,19093,46.9,397,64,29860,27456,WDC
159,Jabil,170000,Mark T. Mondello,Chairman &  Chief Executive Officer,Technology,Semiconductors and Other Electronic Components,17,St. Petersburg,FL,27.7676008,-82.6402915,19063,3.9,129.1,49.2,11096,5035,
160,Community Health Systems,86000,Wayne T. Smith,Chairman &  Chief Executive Officer,Health Care,Health Care: Medical Facilities,12,Franklin,TN,35.9250637,-86.8688899,18477,13.6,2459,0,17450,454,
161,Visa,15000,Alfred F. Kelly Jr.,Chairman &  Chief Executive Officer,Business Services,Financial Data Services,10,SF,CA,37.7749295,-122.4194155,18358,21.7,6699,11.8,67977,270222,V
162,Danaher,67000,Thomas P. Joyce Jr.,"President, Chief Executive Officer &  Director",Health Care,Medical Products and Equipment,20,Leavenworth,WA,47.7510741,-120.7401385,18330,7.9,2492.1,2.4,46649,68385,DHR
163,Kimberlyclark,42000,Thomas J. Falk,Chairman &  Chief Executive Officer,Household Products,Household and Personal Products,24,Irving,TX,32.8140177,-96.9488945,18259,0.3,2278,5.2,15151,38553,KMB
164,Aecom,87000,Michael S. Burke,Chairman &  Chief Executive Officer,Engineering &  Construction,"Engineering, Construction",10,Los Angeles,CA,34.0522342,-118.2436849,18203,4.6,339.4,253.1,14397,5671,
165,Pnc Financial Services,51632,William S. Demchak,"Chairman, President &  Chief Executive Officer",Financials,Commercial Banks,24,Pittsburgh,PA,40.4406248,-79.9958864,18035,9.8,5338,36.8,380768,71323,PNC
166,Centurylink,51000,Jeffrey K. Storey,"President, Chief Executive Officer &  Director",Telecommunications,Telecommunications,9,Monroe,LA,32.5093109,-92.1193012,17656,1.1,1389,121.9,75611,17578,CTL
167,Nextera Energy,14000,James L. Robo,"Chairman, President &  Chief Executive Officer",Energy,Utilities: Gas and Electric,24,North Palm Beach,FL,26.8797819,-80.0533743,17195,6.4,5378,84.7,97827,76895,NEE
168,Pg& E Corp.,23000,Geisha J. Williams,"President, Chief Executive Officer &  Director",Energy,Utilities: Gas and Electric,24,SF,CA,37.7749295,-122.4194155,17135,3,1646,18.2,68012,22664,
169,Synnex,113600,Dennis Polk,"President, Chief Executive Officer &  Director",Wholesalers,Wholesalers: Electronics and Office Equipment,12,Fremont,CA,37.5482697,-121.9885719,17046,21.2,301.2,28.2,7699,4702,
170,Wellcare Health Plans,8900,Kenneth A. Burdick,Chairman &  Chief Executive Officer,Health Care,Health Care: Insurance and Managed Care,10,Tampa,FL,27.950575,-82.4571776,17007,19.5,373.7,54.4,8365,8622,
171,Performance Food Group,14000,George L. Holm,"President, Chief Executive Officer &  Director",Wholesalers,Wholesalers: Food and Grocery,10,Richmond,VA,37.5407246,-77.4360481,16762,4.1,96.3,41,3804,3104,
172,Sears Holdings,89000,Edward S. Lampert,Chairman &  Chief Executive Officer,Retailing,General Merchandisers,24,Hoffman Estates,IL,42.0629915,-88.1227199,16702,24.6,383,0,7262,288,
173,Synchrony Financial,16000,Margaret M. Keane,"President, Chief Executive Officer &  Director",Financials,Diversified Financials,2,Stamford,CT,41.0534302,-73.5387341,16695,10.4,1935,14,95808,25490,SYF
174,Carmax,24344,William D. Nash,"President, Chief Executive Officer &  Director",Retailing,"Automotive Retailing, Services",15,Richmond,VA,37.5407246,-77.4360481,16637,5.1,627,0.6,16279,11202,KMX
175,Bank Of New York Mellon,52500,Charles W. Scharf,Chairman &  Chief Executive Officer,Financials,Commercial Banks,24,New York City,NY,40.7127753,-74.0059728,16621,6,4090,15.3,371758,51919,
176,Freeportmcmoran,25200,Richard C. Adkerson,"Vice Chairman, President &  Chief Executive Officer",Energy,"Mining, Crude-Oil Production",13,Phoenix,AZ,33.4483771,-112.0740373,16416,4,1817,0,37302,25439,FCX
177,Genuine Parts,48000,Paul D. Donahue,"President, Chief Executive Officer &  Director",Wholesalers,Wholesalers: Diversified,24,Atlanta,GA,33.7489954,-84.3879824,16309,6.3,616.8,10.3,12412,13183,GPC
178,Emerson Electric,76500,David N. Farr,Chairman &  Chief Executive Officer,Industrials,Industrial Machinery,24,St. Louis,MO,38.6270025,-90.1994042,16301,19.6,1518,7.2,19589,43359,EMR
179,Davita,74500,Kent J. Thiry,Chairman &  Chief Executive Officer,Health Care,Health Care: Medical Facilities,12,Denver,CO,39.7392358,-104.990251,16038,5.5,663.6,24.6,18948,12001,DVA
180,Supervalu,29000,Mark Gross,"President, Chief Executive Officer &  Director",Food &  Drug Stores,Food and Drug Stores,24,Eden Prairie,MN,44.8546856,-93.470786,16009,8.7,650,265.2,3580,585,
181,Gap,135000,Arthur L. Peck,"President, Chief Executive Officer &  Director",Retailing,Specialty Retailers: Apparel,24,SF,CA,37.7749295,-122.4194155,15855,2.2,848,25.4,7989,12147,GPS
182,General Mills,38000,Jeffrey L. Harmening,Chairman &  Chief Executive Officer,"Food, Beverages &  Tobacco",Food Consumer Products,24,Minneapolis,MN,44.977753,-93.2650108,15620,5.7,1657.5,2.4,21813,26716,GIS
183,Nordstrom,76000,Blake W. Nordstrom,Co-President &  Director,Retailing,General Merchandisers,24,Seattle,WA,47.6062095,-122.3320708,15478,4.9,437,23.4,8115,8123,JWN
184,Colgatepalmolive,35900,Ian M. Cook,"Chairman, President &  Chief Executive Officer",Household Products,Household and Personal Products,24,New York,NY,40.7127753,-74.0059728,15454,1.7,2024,17.1,12676,62607,CL
185,American Electric Power,17666,Nicholas K. Akins,"Chairman, President &  Chief Executive Officer",Energy,Utilities: Gas and Electric,24,Columbus,OH,39.9611755,-82.9987942,15425,5.8,1912.6,213.1,64729,33766,AEP
186,Xpo Logistics,95000,Bradley S. Jacobs,Chairman &  Chief Executive Officer,Transportation,Transportation and Logistics,3,Greenwich,CT,41.0262417,-73.6281964,15381,5.2,340.2,393,12602,12210,
187,Goodyear Tire & Rubber,64000,Richard J. Kramer,"Chairman, President &  Chief Executive Officer",Motor Vehicles &  Parts,Motor Vehicles and Parts,24,Akron,OH,41.0814447,-81.5190053,15377,1.4,346,72.6,17064,6392,GT
188,Omnicom Group,77300,John D. Wren,"President, Chief Executive Officer &  Director",Business Services,"Advertising, marketing",22,New York,NY,40.7127753,-74.0059728,15274,0.9,1088.4,5.2,24931,16734,OMC
189,Cdw,8726,Thomas E. Richards,"Chairman, President &  Chief Executive Officer",Technology,Information Technology Services,14,Lincolnshire,IL,42.1900249,-87.9084039,15192,8.7,523,23.2,6957,10717,
190,Sherwinwilliams,52695,John G. Morikis,"Chairman, President &  Chief Executive Officer",Chemicals,Chemicals,24,Cleveland,OH,41.49932,-81.6943605,14984,26.4,1772.3,56.5,19958,36899,SHW
191,Ppg Industries,47200,Michael H. McGarry,Chairman &  Chief Executive Officer,Chemicals,Chemicals,24,Pittsburgh,PA,40.4406248,-79.9958864,14967,1.4,1591,81.4,16538,27824,PPG
192,Texas Instruments,29714,Brian T. Crutcher,"Chairman, President &  Chief Executive Officer",Technology,Semiconductors and Other Electronic Components,24,Dallas,TX,32.7766642,-96.7969879,14961,11.9,3682,2.4,17642,102135,TXN
193,C.H. Robinson Worldwide,15074,John P. Wiehoff,"Chairman, President &  Chief Executive Officer",Transportation,Transportation and Logistics,17,Eden Prairie,MN,44.8546856,-93.470786,14869,13.1,504.9,1.7,4236,13153,
194,Westrock,44800,Steven C. Voorhees,"President, Chief Executive Officer &  Director",Materials,"Packaging, Containers",7,Atlanta,GA,33.7489954,-84.3879824,14860,1,708.2,0,25089,16372,WRK
195,Cognizant Technology Solutions,260000,Francisco D'Souza,Chairman &  Chief Executive Officer,Technology,Information Technology Services,8,Teaneck,NJ,40.8932469,-74.0116536,14810,9.8,1504,3.2,15221,47338,CTSH
196,Newell Brands,49000,Michael B. Polk,Chairman &  Chief Executive Officer,Household Products,"Home Equipment, Furnishings",23,Hoboken,NJ,40.7439905,-74.0323626,14742,11.1,2748.8,420.8,33136,12363,NWL
197,Cbs,14715,Leslie Moonves,"Chairman, President &  Chief Executive Officer",Media,Entertainment,24,New York,NY,40.7127753,-74.0059728,14710,2.3,357,71.7,20843,19668,CBS
198,Envision Healthcare,57750,Christopher A. Holden,"President, Chief Executive Officer &  Director",Health Care,Health Care: Pharmacy and Other Services,1,Nashville,TN,36.1626638,-86.7816016,14701,220.4,228,0,16573,4647,EVHC
199,Monsanto,21900,Hugh Grant,Chairman &  Chief Executive Officer,Chemicals,Chemicals,15,St. Louis,MO,38.6270025,-90.1994042,14640,8.4,2260,69.2,21333,51444,MON
200,Aramark,215000,Eric J. Foss,"Chairman, President &  Chief Executive Officer",Business Services,Diversified Outsourcing Services,24,Philadelphia,PA,39.9525839,-75.1652215,14604,1.3,373.9,29.9,11006,9725,
201,Applied Materials,18400,Gary E. Dickerson,"President, Chief Executive Officer &  Director",Technology,Semiconductors and Other Electronic Components,23,Santa Clara,CA,37.3541079,-121.9552356,14537,34.3,3434,99.5,19419,58429,AMAT
202,Waste Management,42300,James C. Fish Jr.,"President, Chief Executive Officer &  Director",Business Services,Waste Management,20,Houston,TX,29.7604267,-95.3698028,14485,6.4,1949,64.9,21829,36372,WM
203,Dish Network,17000,W. Erik Carlson,"President, Chief Executive Officer &  Director",Telecommunications,Telecommunications,17,Englewood,CO,39.6477653,-104.9877597,14391,4.7,2098.7,44.8,29774,17682,DISH
204,Illinois Tool Works,50000,E. Scott Santi,"Chairman, President &  Chief Executive Officer",Industrials,Industrial Machinery,24,Glenview,IL,42.0697509,-87.7878408,14314,5.3,1687,17.1,16780,53142,ITW
205,Lincoln National,9047,Dennis R. Glass,"President, Chief Executive Officer &  Director",Financials,"Insurance: Life, Health (stock)",24,Wayne,PA,40.0462208,-75.3599105,14257,7,2079,74.4,281763,15946,LNC
206,Hollyfrontier,3522,George J. Damiris,"President, Chief Executive Officer &  Director",Energy,Petroleum Refining,11,Dallas,TX,32.7766642,-96.7969879,14251,35.3,805.4,0,10692,8650,
207,Cbre Group,80000,Robert E. Sulentic,"President, Chief Executive Officer &  Director",Financials,Real estate,11,Los Angeles,CA,34.0522342,-118.2436849,14210,8.7,691.5,20.9,11484,16042,CBRE
208,Textron,37000,Scott C. Donnelly,"Chairman, President &  Chief Executive Officer",Aerospace &  Defense,Aerospace and Defense,24,Providence,RI,41.8239891,-71.4128343,14198,3,307,68.1,15340,15293,TXT
209,Ross Stores,82700,Barbara Rentler,Chairman &  Chief Executive Officer,Retailing,Specialty Retailers: Apparel,16,Dublin,CA,37.7021521,-121.9357918,14135,9.9,1362.8,21.9,5722,29800,ROST
210,Principal Financial,15378,Daniel J. Houston,"Chairman, President &  Chief Executive Officer",Financials,"Insurance: Life, Health (stock)",24,Des Moines,IA,41.6005448,-93.6091064,14093,13.7,2310.4,75.5,253941,17643,PFG
211,D.R. Horton,7735,David V. Auld,"President, Chief Executive Officer &  Director",Engineering &  Construction,Homebuilders,16,Arlington,TX,32.735687,-97.1080656,14091,15.9,1038.4,17.2,12185,16480,
212,Marsh & Mclennan,64000,Daniel S. Glaser,"President, Chief Executive Officer &  Director",Financials,Diversified Financials,24,New York,NY,40.7127753,-74.0059728,14024,6.2,1492,15.6,20429,41924,MMC
213,Devon Energy,3414,David A. Hager,"President, Chief Executive Officer &  Director",Energy,"Mining, Crude-Oil Production",17,Oklahoma City,OK,35.4675602,-97.5164276,13949,14.4,898,0,30241,16725,DVN
214,Aes,10500,Andrï¿½s R. Gluski,"President, Chief Executive Officer &  Director",Energy,Utilities: Gas and Electric,18,Arlington,VA,38.8816208,-77.0909809,13850,3.1,1161,0,33112,7510,AES
215,Ecolab,48400,Douglas M. Baker Jr.,Chairman &  Chief Executive Officer,Chemicals,Chemicals,16,St Paul,MN,44.9537029,-93.0899578,13838,5.2,1508.4,22.7,19962,39524,ECL
216,Land O'Lakes,10000,Christopher J. Policinski,"President, Chief Executive Officer &  Director","Food, Beverages &  Tobacco",Food Consumer Products,16,Arden Hills,MN,45.0502435,-93.1566112,13740,3.8,314.2,28.3,9509,0,
217,Loews,18100,James S. Tisch,"President, Chief Executive Officer &  Director",Financials,Insurance: Property and Casualty (Stock),24,New York,NY,40.7127753,-74.0059728,13735,4.8,1164,78,79586,16134,L
218,Kinder Morgan,10897,Steven J. Kean,"President, Chief Executive Officer &  Director",Energy,Pipelines,15,Houston,TX,29.7604267,-95.3698028,13705,5,183,74.2,79055,33223,KMI
219,Firstenergy,15617,Charles E. Jones,"President, Chief Executive Officer &  Director",Energy,Utilities: Gas and Electric,23,Akron,OH,41.0814447,-81.5190053,13627,3.7,1724,0,42257,16175,FE
220,Occidental Petroleum,11000,Vicki A. Hollub,"President, Chief Executive Officer &  Director",Energy,"Mining, Crude-Oil Production",24,Houston,TX,29.7604267,-95.3698028,13274,27.7,1311,0,42026,49738,OXY
221,Viacom,11200,Robert M. Bakish,"President, Chief Executive Officer &  Director",Media,Entertainment,13,New York,NY,40.7127753,-74.0059728,13263,6.2,1874,30.3,23698,12919,VIAB
222,Paypal Holdings,18700,Daniel H. Schulman,"President, Chief Executive Officer &  Director",Business Services,Financial Data Services,3,San Jose,CA,37.3382082,-121.8863286,13094,20.8,1795,28.1,40774,91056,
223,Ngl Energy Partners,2700,H. Michael Krimbill,Chief Executive Officer &  Director,Energy,Energy,4,Tulsa,OK,36.1539816,-95.992775,13022,10.9,137,0,6320,1332,
224,Celgene,7467,Mark J. Alles,Chairman &  Chief Executive Officer,Health Care,Pharmaceuticals,7,Summit,NJ,40.7146376,-74.3646122,13003,15.8,2940,47.1,30141,67102,CELG
225,Arconic,41500,Charles P. Blankenship,Chairman &  Chief Executive Officer,Aerospace &  Defense,Aerospace and Defense,24,New York,NY,40.7127753,-74.0059728,12960,4.6,74,0,18718,11124,ARNC
226,Kellogg,32944,Steven A. Cahillane,"Chairman, President &  Chief Executive Officer","Food, Beverages &  Tobacco",Food Consumer Products,24,Battle Creek,MI,42.3211522,-85.1797142,12923,0.7,1269,82.9,16350,22532,K
227,Las Vegas Sands,50500,Sheldon G. Adelson,Chairman &  Chief Executive Officer,"Hotels, Restaurants &  Leisure","Hotels, Casinos, Resorts",9,Las Vegas,NV,36.1699412,-115.1398296,12882,12.9,2806,68,20687,56721,
228,Stanley Black & Decker,57765,James M. Loree,"President, Chief Executive Officer &  Director",Household Products,"Home Equipment, Furnishings",11,New Britain,CT,41.6612104,-72.7795419,12747,11.7,1226,27,19080,23610,SWK
229,Booking Holdings,22900,Glenn D. Fogel,"President, Chief Executive Officer &  Director",Technology,Internet Services and Retailing,6,Norwalk,CT,41.117744,-73.4081575,12681,18,2340.8,9.6,25451,100459,BKNG
230,Lennar,9111,Richard Beckwitt,Chief Executive Officer &  Director,Engineering &  Construction,Homebuilders,14,Miami,FL,25.7616798,-80.1917902,12646,15.5,810.5,11.1,18745,18738,LEN
231,L Brands,59200,Leslie H. Wexner,"Chairman, President &  Chief Executive Officer",Retailing,Specialty Retailers: Apparel,24,Columbus,OH,39.9611755,-82.9987942,12632,0.5,983,15.1,8149,10655,LB
232,Dte Energy,10200,Gerard M. Anderson,Chairman &  Chief Executive Officer,Energy,Utilities: Gas and Electric,24,Detroit,MI,42.331427,-83.0457538,12607,18.6,1134,30.6,33767,18760,DTE
233,Dominion Energy,16200,Thomas F. Farrell II,"Chairman, President &  Chief Executive Officer",Energy,Utilities: Gas and Electric,24,Richmond,VA,37.5407246,-77.4360481,12586,7.2,2999,41.3,76585,45344,D
234,Reinsurance Group Of America,2640,Anna Manning,"President, Chief Executive Officer &  Director",Financials,"Insurance: Life, Health (stock)",9,Chesterfield,MO,38.6631083,-90.5770675,12516,8.6,1822.2,159.8,60515,9930,
235,J.C. Penney,98000,Jeffrey A. Davis/Joseph M. McFarland/Therace M. Risch,Chairman &  Chief Executive Officer,Retailing,General Merchandisers,24,Plano,TX,33.0198431,-96.6988856,12506,0.3,116,11700,8413,943,
236,Mastercard,13400,Ajay Banga,"President, Chief Executive Officer &  Director",Business Services,Financial Data Services,10,Harrison,NY,41.0400135,-73.7144477,12497,16,3915,3.5,21329,184161,MA
237,Blackrock,13900,Laurence D. Fink,Chairman &  Chief Executive Officer,Financials,Securities,11,New York,NY,40.7127753,-74.0059728,12491,12,4970,56.7,220217,87065,BLK
238,Henry Schein,22000,Stanley M. Bergman,Chairman &  Chief Executive Officer,Wholesalers,Wholesalers: Health Care,15,Melville,NY,40.7934322,-73.4151214,12462,7.7,406.3,19.8,7811,10330,HSIC
239,Guardian Life Ins. Co. Of America,9283,Deanna M. Mulligan,"President, Chief Executive Officer &  Director",Financials,"Insurance: Life, Health (Mutual)",24,New York,NY,40.7127753,-74.0059728,12455,3.6,455.3,72.5,75038,0,
240,Stryker,33000,Kevin A. Lobo,Chairman &  Chief Executive Officer,Health Care,Medical Products and Equipment,16,Kalamazoo,MI,42.2917069,-85.5872286,12444,9.9,1020,38.1,22197,60041,SYK
241,Jefferies Financial Group,12700,Richard B. Handler,Chairman &  Chief Executive Officer,Financials,Diversified Financials,6,New York,NY,40.7127753,-74.0059728,12408,14.1,171.7,32.1,47169,8098,
242,Vf,69000,Steven E. Rendle,"Chairman, President &  Chief Executive Officer",Apparel,Apparel,24,Greensboro,NC,36.0726354,-79.7919754,12400,1.6,614.9,42.8,9959,29403,
243,Adp,58000,Carlos A. Rodriguez,"President, Chief Executive Officer &  Director",Business Services,Diversified Outsourcing Services,24,Roseland,NJ,40.8206555,-74.2937594,12380,6.1,1733.4,16.1,37180,50302,
244,Edison International,12521,Pedro J. Pizarro,"President, Chief Executive Officer &  Director",Energy,Utilities: Gas and Electric,24,Rosemead,CA,34.0805651,-118.072846,12320,3.8,565,56.9,52580,20741,
245,Biogen,7300,Michel Vounatsos,Chairman &  Chief Executive Officer,Health Care,Pharmaceuticals,9,Cambridge,MA,42.3736158,-71.1097335,12274,7.2,2539.1,31.4,23653,57930,BIIB
246,United States Steel,29200,David B. Burritt,"President, Chief Executive Officer &  Director",Materials,Metals,16,Pittsburgh,PA,40.4406248,-79.9958864,12250,19.4,387,0,9862,6200,
247,Coremark Holding,8413,Thomas B. Perkins,Chairman &  Chief Executive Officer,Wholesalers,Wholesalers: Food and Grocery,9,South San Francisco,CA,37.654656,-122.4077498,12225,6.2,33.5,38.2,1783,981,
248,Bed Bath & Beyond,65000,Steven H. Temares,Chief Executive Officer &  Director,Retailing,Specialty Retailers: Other,15,Union,NJ,40.6975898,-74.2631635,12216,0.9,685.1,18.6,6846,2989,
249,Oneok,2470,Terry K. Spencer,"President, Chief Executive Officer &  Director",Energy,Pipelines,16,Tulsa,OK,36.1539816,-95.992775,12174,36.5,387.8,10.2,16846,23373,OKE
250,Bb& T Corp.,36484,Kelly S. King,Chairman &  Chief Executive Officer,Financials,Commercial Banks,20,Winston-Salem,NC,36.0998596,-80.244216,12156,5.4,2394,1.3,221642,40454,
251,Becton Dickinson,41933,Vincent A. Forlenza,Chairman &  Chief Executive Officer,Health Care,Medical Products and Equipment,24,Franklin Lakes,NJ,41.0167639,-74.2057011,12093,3.1,1100,12.7,37734,57695,BDX
252,Ameriprise Financial,13312,James M. Cracchiolo,Chairman &  Chief Executive Officer,Financials,Diversified Financials,12,Minneapolis,MN,44.977753,-93.2650108,12075,2.9,1480,12.6,147470,21613,AMP
253,Farmers Insurance Exchange,13015,Jeffrey J. Dailey,"President, Chief Executive Officer &  Director",Financials,Insurance: Property and Casualty (Mutual),4,Los Angeles,CA,34.165357,-118.6089752,12072,3.5,65.4,0,16165,0,
254,First Data,22000,Frank J. Bisignano,Chairman &  Chief Executive Officer,Business Services,Financial Data Services,24,New York,NY,40.7127753,-74.0059728,12052,4,1465,248.8,48269,14865,
255,Consolidated Edison,15591,John McAvoy,"Chairman, President &  Chief Executive Officer",Energy,Utilities: Gas and Electric,24,New York,NY,40.7127753,-74.0059728,12033,0.3,1525,22.5,48111,24192,ED
256,Parkerhannifin,56690,Thomas L. Williams,Chairman &  Chief Executive Officer,Industrials,Industrial Machinery,24,Cleveland,OH,41.49932,-81.6943605,12029,5.9,983.4,21.9,15490,22755,PH
257,Anadarko Petroleum,4400,R. A. Walker,"Chairman, President &  Chief Executive Officer",Energy,"Mining, Crude-Oil Production",18,The Woodlands,TX,30.1658207,-95.4612625,11908,51.3,456,0,42086,31131,APC
258,Estee Lauder,46000,Fabrizio Freda,"President, Chief Executive Officer &  Director",Household Products,Household and Personal Products,23,New York,NY,40.7127753,-74.0059728,11824,5,1249,12.1,11568,55064,EL
259,State Street Corp.,36643,Joseph L. Hooley,Chairman &  Chief Executive Officer,Financials,Commercial Banks,23,Boston,MA,42.3600825,-71.0588801,11774,10.7,2177,1.6,238425,36688,STT
260,Tesla,37543,Elon Musk,Chairman &  Chief Executive Officer,Motor Vehicles &  Parts,Motor Vehicles and Parts,2,Palo Alto,CA,37.4418834,-122.1430195,11759,68,1961.4,0,28655,44955,
261,Netflix,5100,Reed Hastings,"Chairman, President &  Chief Executive Officer",Technology,Internet Services and Retailing,4,Los Gatos,CA,37.2358078,-121.9623751,11693,32.4,558.9,199.4,19013,128167,NFLX
262,Alcoa,14600,Roy C. Harvey,"President, Chief Executive Officer &  Director",Materials,Metals,2,Pittsburgh,PA,40.4406248,-79.9958864,11652,25,217,0,17447,8372,
263,Discover Financial Services,16500,David W. Nelms,Chairman &  Chief Executive Officer,Financials,Commercial Banks,10,Riverwoods,IL,42.1675254,-87.897014,11545,10,2099,12.3,100087,25431,DFS
264,Praxair,26461,Stephen F. Angel,Chairman &  Chief Executive Officer,Chemicals,Chemicals,24,Danbury,CT,41.394817,-73.4540111,11437,8.6,1247,16.9,20436,41434,PX
265,Csx,24006,James M. Foote,"President, Chief Executive Officer &  Director",Transportation,Railroads,24,Jacksonville,FL,30.3321838,-81.655651,11408,3.1,5471,219.2,35739,49428,CSX
266,Xcel Energy,11105,Benjamin G.S. Fowke III,"Chairman, President &  Chief Executive Officer",Energy,Utilities: Gas and Electric,22,Minneapolis,MN,44.977753,-93.2650108,11404,2.7,1148,2.2,43030,23107,XEL
267,Unum Group,9400,Richard P. McKenney,"President, Chief Executive Officer &  Director",Financials,"Insurance: Life, Health (stock)",23,Chattanooga,TN,35.0456297,-85.3096801,11287,2.2,994.2,6.7,64013,10530,UNM
268,Universal Health Services,72300,Alan B. Miller,Chairman &  Chief Executive Officer,Health Care,Health Care: Medical Facilities,15,King of Prussia,PA,40.1012856,-75.3835525,11279,7.3,752.3,7.1,10762,11163,UHS
269,Nrg Energy,5940,Mauricio Gutierrez,"President, Chief Executive Officer &  Director",Energy,Energy,12,Princeton,NJ,40.3572976,-74.6672226,11275,8.7,2153,0,23318,9698,NRG
270,Eog Resources,2664,William R. Thomas,Chairman &  Chief Executive Officer,Energy,"Mining, Crude-Oil Production",10,Houston,TX,29.7604267,-95.3698028,11208,46.5,2582.6,0,29833,60913,EOG
271,Sempra Energy,16046,J. Walker Martin,Chairman &  Chief Executive Officer,Energy,Utilities: Gas and Electric,20,San Diego,CA,32.715738,-117.1610838,11207,10.1,256,81.3,50454,29351,SRE
272,Toys 'R' Us,65000,David A. Brandon,Chairman &  Chief Executive Officer,Retailing,Specialty Retailers: Other,24,Wayne,NJ,40.9253725,-74.2765441,11146,3.4,612,0,7262,0,
273,Group 1 Automotive,14108,Earl J. Hesterberg,"President, Chief Executive Officer &  Director",Retailing,"Automotive Retailing, Services",18,Houston,TX,29.7604267,-95.3698028,11124,2.2,213.4,45.1,4871,1366,
274,Entergy,13504,Leo P. Denault,Chairman &  Chief Executive Officer,Energy,Utilities: Gas and Electric,24,New Orleans,LA,29.9510658,-90.0715323,11075,2.1,411.6,0,46707,14298,ETR
275,Molson Coors Brewing,17200,Mark R. Hunter,"President, Chief Executive Officer &  Director","Food, Beverages &  Tobacco",Beverages,8,Denver,CO,39.7392358,-104.990251,11003,125.2,1414.2,28.4,30247,16238,TAP
276,L3 Technologies,38000,Christopher E. Kubasik,"President, Chief Executive Officer &  Director",Aerospace &  Defense,Aerospace and Defense,16,New York,NY,40.7127753,-74.0059728,11002,3.8,677,4.6,12729,16283,
277,Ball,18300,John A. Hayes,"Chairman, President &  Chief Executive Officer",Materials,"Packaging, Containers",22,Broomfield,CO,39.9205411,-105.0866504,10983,21.2,374,42.2,17169,13920,BLL
278,Autozone,70035,William C. Rhodes III,"Chairman, President &  Chief Executive Officer",Retailing,Specialty Retailers: Other,20,Memphis,TN,35.1495343,-90.0489801,10889,2.4,1280.9,3.2,9260,17450,AZO
279,Murphy Usa,6900,R. Andrew Clyde,"President, Chief Executive Officer &  Director",Retailing,Specialty Retailers: Other,5,El Dorado,AR,33.20763,-92.6662674,10853,12.7,245.3,10.7,2331,2440,
280,Mgm Resorts International,68500,James J. Murren,Chairman &  Chief Executive Officer,"Hotels, Restaurants &  Leisure","Hotels, Casinos, Resorts",18,Las Vegas,NV,36.1699412,-115.1398296,10774,13.9,1960.3,78,29159,19844,MGM
281,Office Depot,45000,Gerry P. Smith,Chairman &  Chief Executive Officer,Retailing,Specialty Retailers: Other,24,Boca Raton,FL,26.3683064,-80.1289321,10752,20.9,181,65.8,6323,1195,
282,Huntsman,10000,Peter R. Huntsman,"Chairman, President &  Chief Executive Officer",Chemicals,Chemicals,13,The Woodlands,TX,30.1658207,-95.4612625,10592,9.7,636,95.1,10244,7090,
283,Baxter International,47000,Josï¿½ E. Almeida,"Chairman, President &  Chief Executive Officer",Health Care,Medical Products and Equipment,24,Deerfield,IL,42.1711365,-87.8445119,10561,3.9,717,85.6,17111,34979,BAX
284,Norfolk Southern,27110,James A. Squires,"Chairman, President &  Chief Executive Officer",Transportation,Railroads,24,Norfolk,VA,36.8507689,-76.2858726,10551,6.7,5404,224,35711,41226,NSC
285,Salesforce.Com,29000,Marc R. Benioff,Chairman &  Chief Executive Officer,Technology,Computer Software,4,SF,CA,37.7749295,-122.4194155,10480,24.9,127.5,29,21010,85074,CRM
286,Laboratory Corp. Of America,60000,David P. King,"Chairman, President &  Chief Executive Officer",Health Care,Health Care: Pharmacy and Other Services,9,Burlington,NC,36.0956918,-79.4377991,10441,8.3,1268.2,73.2,16568,16482,LH
287,W.W. Grainger,25050,Donald G. MacPherson,Chairman &  Chief Executive Officer,Wholesalers,Wholesalers: Diversified,24,Lake Forest,IL,42.2586342,-87.840625,10425,2.8,585.7,3.3,5804,15823,
288,Qurate Retail,28255,Gregory B. Maffei,Chairman,Retailing,Internet Services and Retailing,14,Englewood,CO,39.6477653,-104.9877597,10404,2.3,2441,97.7,24122,12587,
289,Autoliv,67352,Jan Carlson,"Chairman, President &  Chief Executive Officer",Motor Vehicles &  Parts,Motor Vehicles and Parts,20,Auburn Hills,MI,42.6875323,-83.2341028,10383,3.1,427.1,24.7,8550,12710,
290,Live Nation Entertainment,15050,Michael Rapino,"President, Chief Executive Officer &  Director",Media,Entertainment,9,Beverly Hills,CA,34.0736204,-118.4003563,10337,23.7,6,304.5,7504,8772,
291,Xerox,36100,John Visentin,Chairman &  Chief Executive Officer,Technology,"Computers, Office Equipment",24,Norwalk,CT,41.117744,-73.4081575,10265,40.1,195,0,15946,7330,XRX
292,Leidos Holdings,31000,Roger A. Krone,Chairman &  Chief Executive Officer,Technology,Information Technology Services,18,Reston,VA,38.9586307,-77.3570028,10170,44.4,366,50,8990,9918,
293,Corning,46200,Wendell P. Weeks,"Chairman, President &  Chief Executive Officer",Industrials,"Electronics, Electrical Equip.",23,Corning,NY,42.1428521,-77.0546903,10116,7.7,497,113.5,27494,23677,GLW
294,Lithia Motors,12899,Bryan B. DeBoer,"President, Chief Executive Officer &  Director",Retailing,"Automotive Retailing, Services",4,Medford,OR,42.3265152,-122.8755949,10087,16.2,245.2,24.4,4683,2515,
295,Expedia Group,22615,Mark D. Okerstrom,"President, Chief Executive Officer &  Director",Retailing,Internet Services and Retailing,4,Bellevue,WA,47.6101497,-122.2015159,10060,14.7,378,34.1,18516,16764,
296,Republic Services,35000,Donald W. Slager,"President, Chief Executive Officer &  Director",Business Services,Waste Management,9,Phoenix,AZ,33.4483771,-112.0740373,10042,7,1278.4,108.7,21147,21832,RSG
297,Jacobs Engineering Group,49750,Steven J. Demetriou,"Chairman, President &  Chief Executive Officer",Engineering &  Construction,"Engineering, Construction",18,Dallas,TX,32.7766642,-96.7969879,10023,8.6,293.7,39.6,7381,8380,JEC
298,Sonic Automotive,9750,B. Scott Smith,"President, Chief Executive Officer &  Director",Retailing,"Automotive Retailing, Services",19,Charlotte,NC,35.2270869,-80.8431267,9867,1.4,93,0.2,3819,804,
299,Ally Financial,7900,Jeffrey J. Brown,Chairman &  Chief Executive Officer,Financials,Diversified Financials,11,Detroit,MI,42.331427,-83.0457538,9866,0.3,929,12.9,167148,11767,
300,Lkq,43000,Dominick P. Zarcone,"President, Chief Executive Officer &  Director",Wholesalers,Wholesalers: Diversified,5,Chicago,IL,41.8781136,-87.6297982,9848,8.4,533.7,15,9367,11750,LKQ
301,Borgwarner,29000,James R. Verrier,"President, Chief Executive Officer &  Director",Motor Vehicles &  Parts,Motor Vehicles and Parts,12,Auburn Hills,MI,42.6875323,-83.2341028,9799,8,439.9,271.2,9788,10586,BWA
302,Fidelity National Financial,24525,Raymond R. Quirk,Chairman &  Chief Executive Officer,Financials,Insurance: Property and Casualty (Stock),11,Jacksonville,FL,30.3321838,-81.655651,9769,2.3,771,18.6,9151,10983,
303,Suntrust Banks,23785,William H. Rogers Jr.,Chairman &  Chief Executive Officer,Financials,Commercial Banks,24,Atlanta,GA,33.7489954,-84.3879824,9741,6.3,2273,21,205962,31863,STI
304,Iqvia Holdings,55000,Ari Bousbib,"Chairman, President &  Chief Executive Officer",Health Care,Health Care: Pharmacy and Other Services,5,Durham,NC,35.980513,-78.90511,9739,41.6,1309,1038.3,22742,20433,IQV
305,Reliance Steel & Aluminum,14900,Gregg J. Mollins,"President, Chief Executive Officer &  Director",Materials,Metals,12,Los Angeles,CA,34.0522342,-118.2436849,9721,12.9,613.4,101.6,7751,6244,
306,Nvidia,11528,Jen-Hsun Huang,"President, Chief Executive Officer &  Director",Technology,Semiconductors and Other Electronic Components,2,Santa Clara,CA,37.3541079,-121.9552356,9714,40.6,3047,82.9,11241,140112,NVDA
307,Voya Financial,6300,Rodney O. Martin Jr.,Chairman &  Chief Executive Officer,Financials,Diversified Financials,4,New York,NY,40.7127753,-74.0059728,9660,10.4,2992,0,222532,8686,
308,Centerpoint Energy,7977,Scott M. Prochazka,"President, Chief Executive Officer &  Director",Energy,Utilities: Gas and Electric,24,Houston,TX,29.7604267,-95.3698028,9614,27.7,1792,314.8,22736,11822,CNP
309,Ebay,14100,Devin N. Wenig,"President, Chief Executive Officer &  Director",Technology,Internet Services and Retailing,13,San Jose,CA,37.3382082,-121.8863286,9567,6.5,1016,114,25981,40726,EBAY
310,Eastman Chemical,14000,Mark J. Costa,Chairman &  Chief Executive Officer,Chemicals,Chemicals,24,Kingsport,TN,36.548434,-82.5618186,9549,6,1384,62.1,15999,15073,EMN
311,American Family Insurance Group,11307,Jack C. Salzwedel,Chairman &  Chief Executive Officer,Financials,Insurance: Property and Casualty (Stock),22,Madison,WI,43.0730517,-89.4012302,9545,8.1,155.6,52.2,24233,0,
312,Steel Dynamics,7635,Mark D. Millett,"President, Chief Executive Officer &  Director",Materials,Metals,9,Fort Wayne,IN,41.079273,-85.1393513,9539,22.7,812.7,112.7,6856,10444,
313,Pacific Life,3578,James T. Morris,"Chairman, President &  Chief Executive Officer",Financials,"Insurance: Life, Health (stock)",22,Newport Beach,CA,33.6188829,-117.9298493,9510,3.7,1365,65.7,157877,0,
314,Chesapeake Energy,3200,Robert D. Lawler,"President, Chief Executive Officer &  Director",Energy,"Mining, Crude-Oil Production",13,Oklahoma City,OK,35.4675602,-97.5164276,9496,20.6,949,0,12425,2746,
315,Mohawk Industries,38800,Jeffrey S. Lorberbaum,Chairman &  Chief Executive Officer,Household Products,"Home Equipment, Furnishings",19,Calhoun,GA,34.502587,-84.9510542,9491,5.9,971.6,4.4,12095,17283,MHK
316,Quanta Services,32800,Earl C. Austin Jr.,"President, Chief Executive Officer &  Director",Engineering &  Construction,"Engineering, Construction",6,Houston,TX,29.7604267,-95.3698028,9467,23.7,315,58.8,6480,5281,PWR
317,Advance Auto Parts,55500,Thomas R. Greco,"President, Chief Executive Officer &  Director",Retailing,Specialty Retailers: Other,16,Roanoke,VA,37.2709704,-79.9414266,9374,2,475.5,3.5,8482,8770,AAP
318,Owens & Minor,8600,P. Cody Phipps,"Chairman, President &  Chief Executive Officer",Wholesalers,Wholesalers: Health Care,24,Mechanicsville,VA,37.6087561,-77.3733139,9318,4.2,72.8,33.1,3376,961,
319,United Natural Foods,9700,Steven L. Spinner,"Chairman, President &  Chief Executive Officer",Wholesalers,Wholesalers: Food and Grocery,6,Providence,RI,41.8239891,-71.4128343,9275,9.5,130.2,3.5,2887,2165,
320,Tenneco,32000,Brian J. Kesseler,Chief Executive Officer &  Director,Motor Vehicles &  Parts,Motor Vehicles and Parts,24,Lake Forest,IL,42.2586342,-87.840625,9274,7.8,207,41.9,4842,2822,
321,Conagra Brands,12600,Sean M. Connolly,"President, Chief Executive Officer &  Director","Food, Beverages &  Tobacco",Food Consumer Products,24,Chicago,IL,41.8781136,-87.6297982,9235,34.7,639.3,0,10096,14776,CAG
322,Gamestop,39500,Shane S. Kim,Interim Chief Executive Officer,Retailing,Specialty Retailers: Other,12,Grapevine,TX,32.9342919,-97.0780654,9225,7.2,34.7,90.2,5042,1279,
323,Hormel Foods,20200,James P. Snee,"Chairman, President &  Chief Executive Officer","Food, Beverages &  Tobacco",Food Consumer Products,24,Austin,MN,43.6666296,-92.9746367,9168,3.7,846.7,4.9,6976,18174,HRL
324,Hilton Worldwide Holdings,163000,Christopher J. Nassetta,"President, Chief Executive Officer &  Director","Hotels, Restaurants &  Leisure","Hotels, Casinos, Resorts",15,McLean,VA,38.9338676,-77.1772604,9140,21.6,1259,261.8,14308,24957,HLT
325,Frontier Communications,22736,Daniel J. McCarthy,"President, Chief Executive Officer &  Director",Telecommunications,Telecommunications,5,Norwalk,CT,41.117744,-73.4081575,9128,2.6,1804,0,24884,582,
326,Fidelity National Information Services,53000,Gary A. Norcross,"President, Chief Executive Officer &  Director",Business Services,Financial Data Services,9,Jacksonville,FL,30.3321838,-81.655651,9123,1.3,1319,132.2,24517,31893,FIS
327,Public Service Enterprise Group,12945,Ralph Izzo,"Chairman, President &  Chief Executive Officer",Energy,Utilities: Gas and Electric,24,Newark,NJ,40.735657,-74.1723667,9084,0.3,1574,77.5,42716,25359,
328,Boston Scientific,29000,Michael F. Mahoney,"Chairman, President &  Chief Executive Officer",Health Care,Medical Products and Equipment,15,Marlboro,MA,42.3459271,-71.5522874,9048,7.9,104,70,19042,37688,BSX
329,Oreilly Automotive,60365,Gregory D. Johnson,"President, Chief Executive Officer &  Director",Retailing,Specialty Retailers: Other,9,Springfield,MO,37.2089572,-93.2922989,8978,4.5,1133.8,9.3,7572,20607,
330,Charles Schwab,17600,Walter W. Bettinger II,"President, Chief Executive Officer &  Director",Financials,Securities,20,SF,CA,37.7749295,-122.4194155,8960,17.2,2354,24.6,243274,70313,SCHW
331,Global Partners,2000,Eric Slifka,"President, Chief Executive Officer &  Director",Wholesalers,Wholesalers: Diversified,12,Waltham,MA,42.3764852,-71.2356113,8921,8.3,58.8,0,2320,522,
332,Pvh,28050,Emanuel Chirico,Chairman &  Chief Executive Officer,Apparel,Apparel,8,New York,NY,40.7127753,-74.0059728,8915,8.7,537.8,2,11886,11649,PVH
333,Avis Budget Group,26300,Larry D. De Shon,"President, Chief Executive Officer &  Director",Retailing,"Automotive Retailing, Services",21,Parsippany-Troy Hills,NJ,40.8652865,-74.4173877,8848,2.2,361,121.5,17699,3792,
334,Targa Resources,2130,Joe Bob Perkins,Chairman &  Chief Executive Officer,Energy,Pipelines,10,Houston,TX,29.7604267,-95.3698028,8815,31.7,54,0,14389,9629,
335,Hertz Global Holdings,37000,Kathryn V. Marinello,"President, Chief Executive Officer &  Director",Retailing,"Automotive Retailing, Services",11,Estero,FL,26.438136,-81.8067523,8803,7.1,327,0,20058,1662,
336,Calpine,2290,John B. Hill III,"President, Chief Executive Officer &  Director",Energy,Energy,17,Houston,TX,29.7604267,-95.3698028,8752,30.3,339,468.5,16453,0,
337,Mutual Of Omaha Insurance,5896,James T. Blackledge,"Chairman, President &  Chief Executive Officer",Financials,"Insurance: Life, Health (stock)",22,Omaha,NE,41.2565369,-95.9345034,8732,10.6,862.6,141.9,42429,0,
338,Crown Holdings,24342,Timothy J. Donahue,"President, Chief Executive Officer &  Director",Materials,"Packaging, Containers",24,Philadelphia,PA,39.9525839,-75.1652215,8698,5,323,34.9,10663,6816,
339,Peter Kiewit Sons,22000,Bruce E. Grewcock,"President, Chief Executive Officer &  Director",Engineering &  Construction,"Engineering, Construction",19,Omaha,NE,41.2565369,-95.9345034,8678,1.2,371,6.3,5710,0,
340,Dicks Sporting Goods,30300,Edward W. Stack,Chairman &  Chief Executive Officer,Retailing,Specialty Retailers: Other,9,Coraopolis,PA,40.5184013,-80.1667247,8591,8.4,323.4,12.5,4204,3765,
341,Pultegroup,4810,Ryan R. Marshall,"President, Chief Executive Officer &  Director",Engineering &  Construction,Homebuilders,16,Atlanta,GA,33.7489954,-84.3879824,8573,11.8,447.2,25.8,9687,8439,
342,Navistar International,11400,Troy A. Clarke,"Chairman, President &  Chief Executive Officer",Industrials,Construction and Farm Machinery,22,Lisle,IL,41.801141,-88.0747875,8570,5.7,30,0,6135,3451,
343,Thrivent Financial For Lutherans,3622,Bradford L. Hewitt,Chief Executive Officer &  Director,Financials,"Insurance: Life, Health (Mutual)",24,Minneapolis,MN,44.977753,-93.2650108,8528,2.8,558.4,5,95001,0,
344,Dcp Midstream,2650,Wouter T. van Kempen,"Chairman, President &  Chief Executive Officer",Energy,Pipelines,1,Denver,CO,39.7392358,-104.990251,8462,465.3,229,26.6,13878,5033,
345,Air Products & Chemicals,15150,Seifi Ghasemi,"Chairman, President &  Chief Executive Officer",Chemicals,Chemicals,24,Allentown,PA,40.6022939,-75.4714098,8442,11.4,3000.4,375.4,18467,34818,APD
346,Veritiv,8900,Mary A. Laschinger,Chairman &  Chief Executive Officer,Wholesalers,Wholesalers: Diversified,3,Atlanta,GA,33.7489954,-84.3879824,8365,0.5,13.3,163.3,2708,617,
347,Agco,20462,Martin H. Richenhagen,"Chairman, President &  Chief Executive Officer",Industrials,Construction and Farm Machinery,17,Duluth,GA,34.0028786,-84.1446376,8307,12.1,186.4,16.4,7972,5157,
348,Genworth Financial,3500,Thomas J. McInerney,"President, Chief Executive Officer &  Director",Financials,"Insurance: Life, Health (stock)",13,Richmond,VA,37.5407246,-77.4360481,8295,0.9,817,0,105297,1413,
349,Univar,8600,David C. Jukes,"President, Chief Executive Officer &  Director",Wholesalers,Wholesalers: Diversified,3,Downers Grove,IL,41.8089191,-88.0111746,8254,2.2,119.8,0,5733,3920,
350,News Corp.,26000,Robert J. Thomson,Chairman &  Chief Executive Officer,Media,"Publishing, Printing",4,New York,NY,40.7127753,-74.0059728,8139,2.2,738,512.3,14552,9272,NWS
351,Spartannash,11950,David M. Staples,"President, Chief Executive Officer &  Director",Wholesalers,Wholesalers: Food and Grocery,8,Byron Center,MI,42.8122508,-85.7228061,8128,5.1,52.8,193,2056,620,
352,Westlake Chemical,8799,Albert Yuan Chao,"President, Chief Executive Officer &  Director",Chemicals,Chemicals,1,Houston,TX,29.7604267,-95.3698028,8041,58.4,1304,226.9,12076,14385,
353,Williams,5425,Alan S. Armstrong,"President, Chief Executive Officer &  Director",Energy,Energy,24,Tulsa,OK,36.1539816,-95.992775,8031,7.1,2174,0,46352,20567,WMB
354,Lam Research,9400,Martin B. Anstice,Chairman &  Chief Executive Officer,Technology,Semiconductors and Other Electronic Components,3,Fremont,CA,37.5482697,-121.9885719,8014,36.1,1697.8,85.7,12123,33105,LRCX
355,Alaska Air Group,23156,Bradley D. Tilden,"Chairman, President &  Chief Executive Officer",Transportation,Airlines,5,Seattle,WA,47.6062095,-122.3320708,7933,33.8,1034,27,10740,7646,ALK
356,Jones Lang Lasalle,81900,Christian Ulbrich,"President, Chief Executive Officer &  Director",Financials,Real estate,4,Chicago,IL,41.8781136,-87.6297982,7932,16.6,254.2,20.1,8015,7930,
357,Anixter International,8900,Robert J. Eck,Chairman &  Chief Executive Officer,Wholesalers,Wholesalers: Electronics and Office Equipment,16,Glenview,IL,42.0697509,-87.7878408,7927,4,109,9.5,4252,2522,
358,Campbell Soup,18000,Denise M. Morrison,"President, Chief Executive Officer &  Director","Food, Beverages &  Tobacco",Food Consumer Products,24,Camden,NJ,39.9259463,-75.1196199,7890,0.9,887,57.5,7726,13021,CPB
359,Interpublic Group,50200,Michael I. Roth,Chairman &  Chief Executive Officer,Business Services,"Advertising, marketing",21,New York,NY,40.7127753,-74.0059728,7882,0.5,579,4.8,12695,8854,IPG
360,Dover,29000,Richard J. Tobin,"President, Chief Executive Officer &  Director",Industrials,Industrial Machinery,24,Downers Grove,IL,41.8089191,-88.0111746,7830,15.2,811.7,59.5,10658,15183,DOV
361,Zimmer Biomet Holdings,18200,Bryan C. Hanson,"President, Chief Executive Officer &  Director",Health Care,Medical Products and Equipment,3,Warsaw,IN,41.2381,-85.8530469,7824,1.8,1813.8,492.9,25965,22151,
362,Dean Foods,16000,Ralph P. Scozzafava,Chairman &  Chief Executive Officer,"Food, Beverages &  Tobacco",Food Consumer Products,20,Dallas,TX,32.7766642,-96.7969879,7795,1.1,61.6,48.6,2504,787,
363,Foot Locker,32175,Richard A. Johnson,"Chairman, President &  Chief Executive Officer",Retailing,Specialty Retailers: Apparel,24,New York,NY,40.7127753,-74.0059728,7782,0.2,284,57.2,3961,5379,FL
364,Eversource Energy,8084,James J. Judge,"Chairman, President &  Chief Executive Officer",Energy,Utilities: Gas and Electric,23,Springfield,MA,42.1014831,-72.589811,7752,1.5,988,4.8,36220,18671,ES
365,Alliance Data Systems,20000,Edward J. Heffernan,"President, Chief Executive Officer &  Director",Business Services,Financial Data Services,4,Plano,TX,33.0198431,-96.6988856,7719,8.1,788.7,52.9,30685,11806,ADS
366,Fifth Third Bancorp,18125,Greg D. Carmichael,"Chairman, President &  Chief Executive Officer",Financials,Commercial Banks,19,Cincinnati,OH,39.1031182,-84.5120196,7713,12,2194,40.3,142193,21812,FITB
367,Quest Diagnostics,45000,Stephen H. Rusckowski,"Chairman, President &  Chief Executive Officer",Health Care,Health Care: Pharmacy and Other Services,18,Secaucus,NJ,40.7895453,-74.0565298,7709,2.6,772,19.7,10503,13619,DGX
368,Emcor Group,32000,Anthony J. Guzzi,"President, Chief Executive Officer &  Director",Engineering &  Construction,"Engineering, Construction",18,Norwalk,CT,41.117744,-73.4081575,7688,1.8,227.2,24.9,3966,4549,
369,W.R. Berkley,7722,W. Robert Berkley Jr.,"President, Chief Executive Officer &  Director",Financials,Insurance: Property and Casualty (Stock),15,Greenwich,CT,41.0262417,-73.6281964,7685,0.4,549.1,8.8,24300,8836,
370,Wesco International,9100,John J. Engel,"Chairman, President &  Chief Executive Officer",Wholesalers,Wholesalers: Diversified,20,Pittsburgh,PA,40.4406248,-79.9958864,7679,4.7,163.5,60.9,4736,2920,
371,Coty,22000,Camillo Pane,Chairman &  Chief Executive Officer,Household Products,Household and Personal Products,1,New York,NY,40.7127753,-74.0059728,7650,75.9,422.2,369.1,22548,13723,COTY
372,Wec Energy Group,8129,Gale E. Klappa,Chairman &  Chief Executive Officer,Energy,Utilities: Gas and Electric,9,Milwaukee,WI,43.0389025,-87.9064736,7649,2.4,1203.7,28.2,31591,19784,WEC
373,Masco,26000,Keith J. Allman,"President, Chief Executive Officer &  Director",Household Products,"Home Equipment, Furnishings",24,Livonia,MI,42.36837,-83.3527097,7644,3.9,533,8.6,5488,12590,MAS
374,Dxc Technology,60000,J. Michael Lawrie,"Chairman, President &  Chief Executive Officer",Technology,Information Technology Services,1,Tysons,VA,38.9187222,-77.2310925,7607,7.1,123,149,8663,28720,DXC
375,Autoowners Insurance,5227,Jeffrey S. Tagsold,Chief Executive Officer &  Director,Financials,Insurance: Property and Casualty (Mutual),16,Lansing,MI,42.732535,-84.5555347,7604,12.2,645.7,8.6,23694,0,
376,Jones Financial (Edward Jones),45000,James D. Weddle,Chief Executive Officer &  Managing Partner,Financials,Securities,6,Des Peres,MO,38.59722,-90.448126,7597,14.6,872,16.9,17176,0,
377,Liberty Media,4393,Gregory B. Maffei,"President, Chief Executive Officer &  Director",Media,Entertainment,2,Englewood,CO,39.6477653,-104.9877597,7594,43.9,1354,99.1,41996,13816,
378,Erie Insurance Group,5260,Timothy G. NeCastro,Chief Executive Officer,Financials,Insurance: Property and Casualty (Mutual),15,Erie,PA,42.1292241,-80.085059,7535,7.4,857.5,15.6,20670,0,
379,Hershey,16135,Michele G. Buck,"President, Chief Executive Officer &  Director","Food, Beverages &  Tobacco",Food Consumer Products,24,Hershey,PA,40.2859239,-76.6502468,7515,1,783,8.7,5554,20774,
380,Ppl,12512,William H. Spence,"Chairman, President &  Chief Executive Officer",Energy,Utilities: Gas and Electric,24,Allentown,PA,40.6022939,-75.4714098,7447,0.9,1128,40.7,41479,19635,PPL
381,Huntington Ingalls Industries,38000,C. Michael Petters,"President, Chief Executive Officer &  Director",Aerospace &  Defense,Aerospace and Defense,6,Newport News,VA,37.0870821,-76.4730122,7441,5.3,479,16.4,6374,11539,HII
382,Mosaic,8500,James C. O'Rourke,"President, Chief Executive Officer &  Director",Chemicals,Chemicals,13,Plymouth,MN,45.0105194,-93.4555093,7409,3.4,107.2,136,18633,9358,
383,J.M. Smucker,7140,Mark T. Smucker,"President, Chief Executive Officer &  Director","Food, Beverages &  Tobacco",Food Consumer Products,8,Orrville,OH,40.8436663,-81.7640212,7392,5.4,592.3,14,15640,14087,
384,Delek Us Holdings,3941,Ezra Uzi Yemin,"Chairman, President &  Chief Executive Officer",Energy,Petroleum Refining,4,Brentwood,TN,36.0331164,-86.7827772,7350,35.7,288.8,0,5935,3416,
385,Newmont Mining,12569,Gary J. Goldberg,"President, Chief Executive Officer &  Director",Energy,"Mining, Crude-Oil Production",15,Greenwood Village,CO,39.6172101,-104.9508141,7348,12.3,98,0,20563,20853,NEM
386,Constellation Brands,8700,Robert S. Sands,Chairman &  Chief Executive Officer,"Food, Beverages &  Tobacco",Beverages,6,Victor,NY,42.9825633,-77.4088794,7332,12,1535.1,45.5,18602,44379,STZ
387,Ryder System,36100,Robert E. Sanchez,"Chairman, President &  Chief Executive Officer",Transportation,"Trucking, Truck Leasing",24,Miami,FL,25.7616798,-80.1917902,7330,8,790.6,201.2,11452,3867,
388,National Oilwell Varco,31605,Clay C. Williams,"Chairman, President &  Chief Executive Officer",Energy,"Oil and Gas Equipment, Services",13,Houston,TX,29.7604267,-95.3698028,7304,0.7,237,0,20206,13993,NOV
389,Adobe Systems,17973,Shantanu Narayen,"Chairman, President &  Chief Executive Officer",Technology,Computer Software,2,San Jose,CA,37.3382082,-121.8863286,7302,24.7,1694,44.9,14536,106413,ADBE
390,Lifepoint Health,42000,William F. Carpenter III,Chairman &  Chief Executive Officer,Health Care,Health Care: Medical Facilities,4,Brentwood,TN,36.0331164,-86.7827772,7263,0.1,102.4,16,6286,1832,
391,Tractor Supply,21000,Gregory A. Sandfort,Chairman &  Chief Executive Officer,Retailing,Specialty Retailers: Other,5,Brentwood,TN,36.0331164,-86.7827772,7256,7,422.6,3.3,2869,7807,TSCO
392,Thor Industries,17800,Robert W. Martin,"President, Chief Executive Officer &  Director",Motor Vehicles &  Parts,Motor Vehicles and Parts,1,Elkhart,IN,41.6819935,-85.9766671,7247,58.2,374.3,45.9,2558,6069,
393,Dana,30100,James K. Kamsickas,"President, Chief Executive Officer &  Director",Motor Vehicles &  Parts,Motor Vehicles and Parts,24,Maumee,OH,41.5628294,-83.6538244,7209,23.7,111,82.7,5644,3741,DHR
394,Weyerhaeuser,9300,Doyle R. Simons,"President, Chief Executive Officer &  Director",Materials,Forest and Paper Products,24,Seattle,WA,47.6062095,-122.3320708,7196,8.9,582,43.3,18059,26463,WY
395,J.B. Hunt Transport Services,24681,John N. Roberts III,"President, Chief Executive Officer &  Director",Transportation,"Trucking, Truck Leasing",6,Lowell,AR,36.2553543,-94.1307587,7190,9.7,686.3,58.8,4465,12858,
396,Darden Restaurants,178729,Eugene I. Lee Jr.,"President, Chief Executive Officer &  Director","Hotels, Restaurants &  Leisure",Food Services,22,Orlando,FL,28.5383355,-81.3792365,7170,3.4,479.1,27.8,5504,10531,DRI
397,Yum China Holdings,450000,Joey Wat,Chairman &  Chief Executive Officer,"Hotels, Restaurants &  Leisure",Food Services,2,Plano,TX,33.0198431,-96.6988856,7144,5.8,403,19.7,4263,16009,
398,Blackstone Group,2360,Stephen A. Schwarzman,Chairman &  Chief Executive Officer,Financials,Diversified Financials,3,New York,NY,40.7127753,-74.0059728,7119,38.9,1470.8,41.5,34429,21058,
399,Berry Global Group,23000,Thomas E. Salmon,Chairman &  Chief Executive Officer,Materials,"Packaging, Containers",2,Evansville,IN,37.9715592,-87.5710898,7095,9.3,340,44.1,8476,7191,
400,Builders Firstsource,15000,M. Chad Crow,"President, Chief Executive Officer &  Director",Materials,"Building Materials, Glass",2,Dallas,TX,32.7766642,-96.7969879,7034,10.5,38.8,73.1,3006,2264,
401,Activision Blizzard,9800,Robert A. Kotick,Chairman &  Chief Executive Officer,Technology,Entertainment,2,Santa Monica,CA,34.0194543,-118.4911912,7017,6.2,273,71.7,18668,51177,ATVI
402,Jetblue Airways,17424,Robin Hayes,"President, Chief Executive Officer &  Director",Transportation,Airlines,6,New York,NY,40.744679,-73.9485424,7015,5.8,1147,51.1,9781,6540,
403,Amphenol,70000,R. Adam Norwitt,"President, Chief Executive Officer &  Director",Technology,Network and Other Communications Equipment,4,Wallingford,CT,41.4570108,-72.8230736,7011,11.5,650.5,21,10004,26311,APH
404,Amark Precious Metals,126,Gregory N. Roberts,Chairman &  Chief Executive Officer,Materials,Miscellaneous,4,El Segundo,CA,33.9191799,-118.4164652,6990,3,7.1,23.6,479,86,
405,Spirit Aerosystems Holdings,15500,Thomas C. Gentile III,"President, Chief Executive Officer &  Director",Aerospace &  Defense,Aerospace and Defense,4,Wichita,KS,37.6871761,-97.330053,6983,2.8,354.9,24.4,5268,9595,
406,R.R. Donnelley & Sons,42700,Daniel L. Knotts,"President, Chief Executive Officer &  Director",Media,"Publishing, Printing",24,Chicago,IL,41.8781136,-87.6297982,6940,0.6,34.4,0,3905,612,
407,Harris,17000,William M. Brown,"Chairman, President &  Chief Executive Officer",Aerospace &  Defense,Aerospace and Defense,14,Melbourne,FL,28.0836269,-80.6081089,6939,7.8,553,70.7,10090,19149,HRS
408,Expeditors Intl. Of Washington,16500,Jeffrey S. Musser,"President, Chief Executive Officer &  Director",Transportation,Transportation and Logistics,11,Seattle,WA,47.6062095,-122.3320708,6921,13.5,489.3,13.6,3117,11087,
409,Discovery,7000,David M. Zaslav,"President, Chief Executive Officer &  Director",Media,Entertainment,5,Silver Spring,MD,38.9906657,-77.026088,6873,5.8,337,128.2,22555,11156,DISCK
410,Owensillinois,26500,Andres A. Lopez,"President, Chief Executive Officer &  Director",Materials,"Packaging, Containers",24,Perrysburg,OH,41.556996,-83.627157,6869,2.5,180,13.9,9756,3538,
411,Sanmina,41250,Robert K. Eulau,Chairman &  Chief Executive Officer,Technology,Semiconductors and Other Electronic Components,18,San Jose,CA,37.3382082,-121.8863286,6869,6,138.8,26.1,3847,1863,
412,Keycorp,18415,Beth E. Mooney,"Chairman, President &  Chief Executive Officer",Financials,Commercial Banks,20,Cleveland,OH,41.49932,-81.6943605,6868,26.7,1296,63.8,137698,20570,KEY
413,American Financial Group,7600,Carl H. Lindner lll/S. Craig Lindner,"President, Co-Chief Executive Officer &  Director",Financials,Insurance: Property and Casualty (Stock),19,Cincinnati,OH,39.1031182,-84.5120196,6865,5.6,475,26.8,60658,9923,
414,Oshkosh,14000,Wilson R. Jones,"President, Chief Executive Officer &  Director",Industrials,Construction and Farm Machinery,11,Oshkosh,WI,44.0247062,-88.5426136,6830,8.8,285.6,32,5099,5768,
415,Rockwell Collins,29000,Robert K. Ortberg,"Chairman, President &  Chief Executive Officer",Aerospace &  Defense,Aerospace and Defense,7,Cedar Rapids,IA,41.9778795,-91.6656232,6822,29.7,705,3.2,17997,22108,COL
416,Kindred Healthcare,64200,Benjamin A. Breier,"President, Chief Executive Officer &  Director",Health Care,Health Care: Medical Facilities,15,Louisville,KY,38.2526647,-85.7584557,6768,6.4,698.4,0,5233,836,
417,Insight Enterprises,6697,Kenneth T. Lamneck,"President, Chief Executive Officer &  Director",Technology,Information Technology Services,10,Tempe,AZ,33.4255104,-111.9400054,6704,22.2,90.7,7.1,2686,1252,
418,Dr Pepper Snapple Group,21000,Larry D. Young,"President, Chief Executive Officer &  Director","Food, Beverages &  Tobacco",Beverages,10,Plano,TX,33.0198431,-96.6988856,6690,3.9,1076,27,10022,21278,DPS
419,American Tower,4752,James D. Taiclet Jr.,"Chairman, President &  Chief Executive Officer",Financials,Real estate,2,Boston,MA,42.3600825,-71.0588801,6664,15.2,1238.9,29.5,33214,64073,AMT
420,Fortive,26000,James A. Lico,"President, Chief Executive Officer &  Director",Industrials,Industrial Machinery,1,Everett,WA,47.9789848,-122.2020795,6656,0,1044.5,0,10501,26979,FTV
421,Ralph Lauren,18250,Patrice Louvet,"President, Chief Executive Officer &  Director",Apparel,Apparel,10,New York,NY,40.7127753,-74.0059728,6653,10.2,99.3,125.1,5652,9088,
422,Hrg Group,17113,Joseph S. Steinberg,Chairman &  Chief Executive Officer,Household Products,Household and Personal Products,5,New York,NY,40.7127753,-74.0059728,6650,3.9,106,0,35850,3328,
423,Ascena Retail Group,40000,David R. Jaffe,Chairman &  Chief Executive Officer,Retailing,Specialty Retailers: Apparel,2,Mahwah,NJ,41.0886216,-74.1435843,6650,4.9,1067.3,0,3872,394,
424,United Rentals,14800,Michael J. Kneeland,Chairman &  Chief Executive Officer,Business Services,Miscellaneous,5,Stamford,CT,41.0534302,-73.5387341,6641,15.3,1346,137.8,15030,14537,URI
425,Caseys General Stores,25463,Terry W. Handley,"President, Chief Executive Officer &  Director",Retailing,Specialty Retailers: Other,8,Ankeny,IA,41.7317884,-93.6001278,6641,5.3,177.5,21.5,3020,4120,
426,Graybar Electric,8500,Kathleen M. Mazzarella,"Chairman, President &  Chief Executive Officer",Wholesalers,Wholesalers: Diversified,24,St. Louis,MO,38.6270025,-90.1994042,6631,3.9,71.6,23.1,2261,0,
427,Avery Dennison,30000,Mitchell R. Butier,"President, Chief Executive Officer &  Director",Materials,"Packaging, Containers",24,Glendale,CA,34.1425078,-118.255075,6614,8.7,281.8,12.1,5137,9361,AVY
428,Mastec,17300,Jose R. Mas,Chief Executive Officer,Engineering &  Construction,"Engineering, Construction",1,Coral Gables,FL,25.72149,-80.2683838,6607,28.7,347.2,164.5,4067,3874,
429,Cms Energy,7887,Patricia K. Poppe,"President, Chief Executive Officer &  Director",Energy,Utilities: Gas and Electric,24,Jackson,MI,42.245869,-84.4013462,6583,2.9,460,16.5,23050,12793,CMS
430,Hd Supply Holdings,11000,Joseph J. DeAngelo,"Chairman, President &  Chief Executive Officer",Wholesalers,Wholesalers: Diversified,6,Atlanta,GA,33.7489954,-84.3879824,6534,13.2,970,394.9,4318,7040,
431,Raymond James Financial,12700,Paul C. Reilly,Chairman &  Chief Executive Officer,Financials,Securities,3,St. Petersburg,FL,27.7676008,-82.6402915,6525,18.2,636.2,20.2,34884,13019,RJF
432,Ncr,34000,Michael D. Hayford,Chief Executive Officer &  Director,Technology,"Computers, Office Equipment",21,Atlanta,GA,33.7489954,-84.3879824,6516,0.4,232,14.1,7654,3737,
433,Hanesbrands,67200,Gerald W. Evans Jr.,Chairman &  Chief Executive Officer,Apparel,Apparel,4,Winston-Salem,NC,36.0998596,-80.244216,6478,6.9,61.9,88.5,6895,6638,HBI
434,Asbury Automotive Group,8000,David W. Hult,"President, Chief Executive Officer &  Director",Retailing,"Automotive Retailing, Services",12,Duluth,GA,34.0028786,-84.1446376,6457,1.1,139.1,16.8,2357,1412,
435,Citizens Financial Group,17594,Bruce W. Van Saun,"Chairman, President &  Chief Executive Officer",Financials,Commercial Banks,3,Providence,RI,41.8239891,-71.4128343,6454,12,1652,58.1,152336,20474,CFG
436,Packaging Corp. Of America,14600,Mark W. Kowlzan,Chairman &  Chief Executive Officer,Materials,"Packaging, Containers",4,Lake Forest,IL,42.2586342,-87.840625,6445,11.5,668.6,48.7,6198,10633,
437,Alleghany,4402,Weston M. Hicks,"President, Chief Executive Officer &  Director",Financials,Insurance: Property and Casualty (Stock),4,New York,NY,40.7127753,-74.0059728,6425,4.8,90.1,80.3,25384,9460,
438,Apache,3356,John J. Christmann IV,"President, Chief Executive Officer &  Director",Energy,"Mining, Crude-Oil Production",15,Houston,TX,29.7604267,-95.3698028,6423,20,1304,0,21922,14678,APA
439,Dillards,31400,William T. Dillard II,Chairman &  Chief Executive Officer,Retailing,General Merchandisers,24,Little Rock,AR,34.7464809,-92.2895948,6423,0.1,221.3,30.8,3673,2289,
440,Assurant,14175,Alan B. Colberg,"President, Chief Executive Officer &  Director",Financials,Insurance: Property and Casualty (Stock),14,New York,NY,40.7127753,-74.0059728,6415,14.8,519.6,8.1,31843,4803,AIZ
441,Franklin Resources,9386,Gregory E. Johnson,Chairman &  Chief Executive Officer,Financials,Securities,13,San Mateo,CA,37.5629917,-122.3255254,6392,3.4,1696.7,1.7,17534,19133,BEN
442,Owens Corning,17000,Michael H. Thaman,"Chairman, President &  Chief Executive Officer",Materials,"Building Materials, Glass",24,Toledo,OH,41.6528052,-83.5378674,6384,12.5,289,26.5,8632,8982,
443,Motorola Solutions,15000,Gregory Q. Brown,Chairman &  Chief Executive Officer,Technology,Network and Other Communications Equipment,24,Chicago,IL,41.8781136,-87.6297982,6380,5.7,155,127.7,8208,17027,MSI
444,Nvr,5200,Paul C. Saville,"President, Chief Executive Officer &  Director",Engineering &  Construction,Homebuilders,9,Reston,VA,38.9586307,-77.3570028,6322,8.4,537.5,26.4,2989,10262,
445,Rockwell Automation,22000,Blake D. Moret,"Chairman, President &  Chief Executive Officer",Industrials,"Electronics, Electrical Equip.",24,Milwaukee,WI,43.0389025,-87.9064736,6311,7.3,825.7,13.2,7162,22260,ROK
446,Treehouse Foods,13489,Steven Oakland,"President, Chief Executive Officer &  Director","Food, Beverages &  Tobacco",Food Consumer Products,2,Oak Brook,IL,41.8397865,-87.9535534,6307,2.1,286.2,0,5779,2159,
447,Wynn Resorts,25200,Matthew O. Maddox,"President, Chief Executive Officer &  Director","Hotels, Restaurants &  Leisure","Hotels, Casinos, Resorts",5,Las Vegas,NV,36.1699412,-115.1398296,6306,41.2,747.2,208.8,12682,19778,WYNN
448,Olin,6400,John E. Fischer,"Chairman, President &  Chief Executive Officer",Chemicals,Chemicals,5,Clayton,MO,38.6425518,-90.3237263,6268,12.9,549.5,0,9218,5081,
449,American Axle & Manufacturing,25000,David C. Dauch,Chairman &  Chief Executive Officer,Motor Vehicles &  Parts,Motor Vehicles and Parts,4,Detroit,MI,42.331427,-83.0457538,6266,58.7,337.1,40,7883,1699,
450,Old Republic International,8700,Aldo C. Zucaro,Chairman &  Chief Executive Officer,Financials,Insurance: Property and Casualty (Stock),7,Chicago,IL,41.8781136,-87.6297982,6263,6.1,560.5,20,19404,5778,
451,Chemours,7000,Mark P. Vergnano,"President, Chief Executive Officer &  Director",Chemicals,Chemicals,2,Wilmington,DE,39.7390721,-75.5397878,6183,14.5,746,10557.1,7293,8840,
452,Iheartmedia,18700,Robert W. Pittman,Chairman &  Chief Executive Officer,Media,Entertainment,18,San Antonio,TX,29.4241219,-98.4936282,6178,1.5,704.4,0,12257,39,
453,Ameren,8615,Warner L. Baxter,"Chairman, President &  Chief Executive Officer",Energy,Utilities: Gas and Electric,21,St. Louis,MO,38.6270025,-90.1994042,6177,1.7,523,19.9,25945,13740,AEE
454,Arthur J. Gallagher,26783,J. Patrick Gallagher Jr.,"Chairman, President &  Chief Executive Officer",Financials,Diversified Financials,3,Rolling Meadows,IL,42.0841936,-88.0131275,6160,10.1,463.1,11.8,12897,12512,AJG
455,Celanese,7592,Mark C. Rohr,"Chairman, President &  Chief Executive Officer",Chemicals,Chemicals,13,Irving,TX,32.8140177,-96.9488945,6140,13.9,843,6.3,9538,13611,
456,Sealed Air,15000,Edward L. Doheny II,"President, Chief Executive Officer &  Director",Materials,"Packaging, Containers",21,Charlotte,NC,35.2270869,-80.8431267,6131,9.6,814.9,67.5,5280,7162,SEE
457,Ugi,13000,John L. Walsh,"President, Chief Executive Officer &  Director",Energy,Energy,14,King of Prussia,PA,40.1012856,-75.3835525,6121,7.7,436.6,19.7,11582,7685,
458,Realogy Holdings,11800,Ryan M. Schneider,"President, Chief Executive Officer &  Director",Financials,Real estate,8,Madison,NJ,40.7598227,-74.417097,6114,5.2,431,102.3,7337,3568,
459,Burlington Stores,40000,Thomas A. Kingsbury,"Chairman, President &  Chief Executive Officer",Retailing,Specialty Retailers: Apparel,3,Burlington,NJ,40.071222,-74.8648873,6110,9.3,384.9,78.3,2813,9018,
460,Regions Financial,21714,O.B. Grayson Hall Jr.,Chairman &  Chief Executive Officer,Financials,Commercial Banks,20,Birmingham,AL,33.5206608,-86.80249,6093,2.1,1263,8.6,124294,20861,RF
461,Ak Steel Holding,9200,Roger K. Newport,Chairman &  Chief Executive Officer,Materials,Metals,18,Beckett Ridge,OH,39.3321262,-84.4172666,6081,3.4,6.2,0,4296,1428,
462,Securian Financial Group,5000,Christopher M. Hilger,"Chairman, President &  Chief Executive Officer",Financials,"Insurance: Life, Health (stock)",1,St Paul,MN,44.9537029,-93.0899578,6067,27,418.9,68.7,51232,0,
463,S& P Global,20400,Douglas L. Peterson,"President, Chief Executive Officer &  Director",Business Services,Financial Data Services,24,New York,NY,40.7127753,-74.0059728,6063,7.1,1496,29,9425,47643,
464,Markel,15600,Thomas S. Gayner/Richard R. Whitt III,Co-Chief Executive Officer &  Director,Financials,Insurance: Property and Casualty (Stock),3,Glen Allen,VA,37.665978,-77.5063739,6062,8,395.3,13.3,32805,16264,
465,Travelcenters Of America,19611,Andrew J. Rebholz,Chief Executive Officer &  Director,Retailing,Specialty Retailers: Other,11,Westlake,OH,41.4553232,-81.9179173,6052,9.8,9.3,0,1618,144,
466,Conduent,90000,Ashok Vemuri,Chairman &  Chief Executive Officer,Business Services,Diversified Outsourcing Services,1,Florham Park,NJ,40.787878,-74.3882072,6022,0,181,0,7548,3923,
467,M& T Bank Corp.,16354,Renï¿½ F. Jones,Chairman &  Chief Executive Officer,Financials,Commercial Banks,3,Buffalo,NY,42.8864468,-78.8783689,6019,5.2,1408.3,7.1,118594,27379,
468,Clorox,8100,Benno O. Dorer,Chairman &  Chief Executive Officer,Household Products,Household and Personal Products,19,Oakland,CA,37.8043637,-122.2711137,5973,3.7,701,8.2,4573,17225,
469,Amtrust Financial Services,9300,Barry D. Zyskind,"Chairman, President &  Chief Executive Officer",Financials,Insurance: Property and Casualty (Stock),2,New York,NY,40.7127753,-74.0059728,5959,9.3,348.9,184.9,25219,2416,
470,Kkr,1184,Henry R. Kravis/George R. Roberts,Co-Chairman &  Co-Chief Executive Officer,Financials,Securities,6,New York,NY,40.7127753,-74.0059728,5930,71.4,1018.3,229.2,45835,9882,
471,Ulta Beauty,24200,Mary N. Dillon,Chairman &  Chief Executive Officer,Retailing,Specialty Retailers: Other,1,Bolingbrook,IL,41.6986416,-88.0683955,5885,21.2,555.2,35.5,2909,12459,ULTA
472,Yum Brands,60000,Greg Creed,Chief Executive Officer &  Director,"Hotels, Restaurants &  Leisure",Food Services,20,Louisville,KY,38.2526647,-85.7584557,5878,7.7,1340,17.2,5311,28307,
473,Regeneron Pharmaceuticals,6200,Leonard S. Schleifer,"President, Chief Executive Officer &  Director",Health Care,Pharmaceuticals,1,Tarrytown,NY,41.0762077,-73.8587461,5872,20.8,1198.5,33.8,8764,37087,
474,Windstream Holdings,12979,Anthony W. Thomas,"President, Chief Executive Officer &  Director",Telecommunications,Telecommunications,6,Little Rock,AR,34.7464809,-92.2895948,5853,8.6,2116.6,0,11084,289,
475,Magellan Health,10700,Barry M. Smith,Chairman &  Chief Executive Officer,Health Care,Health Care: Insurance and Managed Care,1,Scottsdale,AZ,33.4941704,-111.9260519,5838,20.7,110.2,41.5,2957,2605,
476,Western & Southern Financial,2226,John F. Barrett,"Chairman, President &  Chief Executive Officer",Financials,"Insurance: Life, Health (Mutual)",14,Cincinnati,OH,39.1031182,-84.5120196,5836,8.1,310.4,28.7,46395,0,
477,Intercontinental Exchange,4952,Jeffrey C. Sprecher,Chairman &  Chief Executive Officer,Financials,Securities,2,Atlanta,GA,33.7489954,-84.3879824,5834,2.1,2514,76.8,78264,42132,ICE
478,Ingredion,11000,James P. Zallie,"President, Chief Executive Officer &  Director","Food, Beverages &  Tobacco",Food Production,7,Westchester,IL,41.8498339,-87.8806738,5832,2.3,519,7,6080,9313,
479,Wyndham Destinations,39200,Michael D. Brown,Chairman &  Chief Executive Officer,"Hotels, Restaurants &  Leisure","Hotels, Casinos, Resorts",5,Parsippany-Troy Hills,NJ,40.8652865,-74.4173877,5821,4,871,42.6,10403,11411,
480,Toll Brothers,4500,Douglas C. Yearley Jr.,Chairman &  Chief Executive Officer,Engineering &  Construction,Homebuilders,6,Horsham,PA,40.1784422,-75.1285061,5815,12.5,535.5,40.1,9445,6566,
481,Seaboard,11800,Steven J. Bresky,"Chairman, President &  Chief Executive Officer","Food, Beverages &  Tobacco",Food Production,8,Merriam,KS,39.0236165,-94.6935701,5809,8,247,20.8,5161,4992,
482,Booz Allen Hamilton,23300,Horacio D. Rozanski,"President, Chief Executive Officer &  Director",Technology,Information Technology Services,8,McLean,VA,38.9338676,-77.1772604,5804,7.4,252.5,14.1,3373,5617,
483,First American Financial,18705,Dennis J. Gilmore,Chairman &  Chief Executive Officer,Financials,Insurance: Property and Casualty (Stock),4,Santa Ana,CA,33.7454725,-117.867653,5772,3.5,423,23.3,9573,6511,
484,Cincinnati Financial,4925,Steven J. Johnston,"President, Chief Executive Officer &  Director",Financials,Insurance: Property and Casualty (Stock),4,Fairfield,OH,39.3454673,-84.5603187,5732,5.2,1045,76.9,21843,12185,CINF
485,Avon Products,25000,Jan Zijderveld,Chairman &  Chief Executive Officer,Household Products,Household and Personal Products,24,Rye,NY,40.9806535,-73.6837399,5716,2.3,22,0,3698,1251,
486,Northern Trust,18100,Michael G. O'Grady,"President, Chief Executive Officer &  Director",Financials,Commercial Banks,7,Chicago,IL,41.8781136,-87.6297982,5716,11.1,1199,16.1,138591,23264,NTRS
487,Fiserv,24000,Jeffery W. Yabuki,"President, Chief Executive Officer &  Director",Business Services,Financial Data Services,8,Brookfield,WI,43.0605671,-88.1064787,5696,3.5,1246,34,10289,29466,FISV
488,Harleydavidson,5800,Matthew S. Levatich,"President, Chief Executive Officer &  Director",Transportation,Transportation Equipment,17,Milwaukee,WI,43.0389025,-87.9064736,5647,5.8,521.8,24.6,9973,7198,HOG
489,Cheniere Energy,1230,Jack A. Fusco,"President, Chief Executive Officer &  Director",Energy,Energy,1,Houston,TX,29.7604267,-95.3698028,5601,336.5,393,0,27906,12703,
490,Patterson,7500,Mark S. Walchirk,"President, Chief Executive Officer &  Director",Wholesalers,Wholesalers: Health Care,2,St Paul,MN,44.9537029,-93.0899578,5593,0.7,170.9,8.7,3508,2104,
491,Peabody Energy,7100,Glenn L. Kellow,"President, Chief Executive Officer &  Director",Energy,"Mining, Crude-Oil Production",13,St. Louis,MO,38.6270025,-90.1994042,5579,18.3,0,0,8181,4649,
492,On Semiconductor,34000,Keith D. Jackson,"President, Chief Executive Officer &  Director",Technology,Semiconductors and Other Electronic Components,1,Phoenix,AZ,33.4483771,-112.0740373,5543,41.9,810.7,345.2,7195,10406,
493,Simon Property Group,4150,David E. Simon,Chairman &  Chief Executive Officer,Financials,Real estate,5,Indianapolis,IN,39.768403,-86.158068,5539,1.9,1948,5.9,32258,47861,SPG
494,Western Union,11500,Hikmet Ersek,"President, Chief Executive Officer &  Director",Business Services,Financial Data Services,12,Englewood,CO,39.6477653,-104.9877597,5524,1.9,557.1,320,9231,8857,WU
495,Netapp,10100,George Kurian,"President, Chief Executive Officer &  Director",Technology,"Computers, Office Equipment",7,Sunnyvale,CA,37.36883,-122.0363496,5519,0.5,509,122.3,9493,16528,NTAP
496,Polaris Industries,11000,Scott W. Wine,Chairman &  Chief Executive Officer,Transportation,Transportation Equipment,1,Medina,MN,45.0352411,-93.5824586,5505,19.8,172.5,19,3090,7224,
497,Pioneer Natural Resources,3836,Timothy L. Dove,"President, Chief Executive Officer &  Director",Energy,"Mining, Crude-Oil Production",2,Irving,TX,32.8140177,-96.9488945,5455,42.7,833,0,17003,29254,PXD
498,Abm Industries,140000,Scott B. Salmirs,"President, Chief Executive Officer &  Director",Business Services,Diversified Outsourcing Services,3,New York,NY,40.7127753,-74.0059728,5454,6,3.8,93.4,3813,2200,
499,Vistra Energy,4150,Curtis A. Morgan,"President, Chief Executive Officer &  Director",Energy,Energy,2,Irving,TX,32.8140177,-96.9488945,5430,5.2,254,0,14600,8925,
500,Cintas,42000,Scott D. Farmer,Chairman &  Chief Executive Officer,Business Services,Diversified Outsourcing Services,1,Cincinnati,OH,39.1031182,-84.5120196,5429,10.7,480.7,30.7,6844,18165,CTAS
